Athlete ID,Athlete Name,Consistency Percentage,Standard Deviation,Median-to-Mean Ratio,Max-to-Median Ratio,No Data Count
47140760,Ko OCHIAI,100.0,10.34023932572928,0.8202973497091144,3.4893617021276597,0
19061864,Rob MCMANUS,100.0,12.157462396468729,0.9117997616209773,3.2941176470588243,0
142181772,Esther SEELAND,100.0,13.144198713570601,0.9665914403159508,1.3883677298311445,0
39397963,Kate CURRENT,100.0,13.705758612658459,0.8849189862899876,2.873239436619718,0
21429001,Erin TESCHUK,100.0,14.46283393052223,1.0110124857279656,1.221311475409836,0
28934783,Yuichiro NISHIKAWA,100.0,15.42928098441696,0.851876453005646,5.56140350877193,0
46801273,Hayley KITCHING,100.0,15.760014057009377,1.0407554671968189,1.320916905444126,0
42575476,Florence CARON,100.0,17.184402418359326,0.9960375197350091,1.2433566433566434,0
33502406,Henry FISHER,100.0,18.19092273963986,1.0572536496350362,2.0517799352750807,0
27792886,Abbey COOPER,100.0,19.39413271543338,0.9795134443021767,3.068627450980393,0
39319235,Tyler BILYARD,100.0,19.68155160295737,1.01922113940141,1.348639455782313,0
43684184,Marisa HOWARD,100.0,19.79211912563718,1.0326941213454888,1.324853228962818,0
28079951,Ishmael ARTHUR,100.0,19.799165628567344,1.0486198072630262,1.8271028037383177,0
27649138,Alex TEUBEL,100.0,19.95153667093513,1.007224536831841,1.8138613861386137,0
19848564,Rachel SMITH,100.0,20.172383640511843,0.9802245186231509,1.8191126279863483,0
18305409,Ole HESSELBJERG,100.0,20.644415485817113,1.0186821509719766,1.3327137546468402,0
19033722,Joseph TUFFIN,100.0,21.00010665937749,1.030853909066243,1.353637901861252,0
63449551,Olivia MARKEZICH,100.0,21.585943522607806,1.0989367219917012,1.4106194690265486,0
12553443,Angus HARRINGTON,100.0,21.665670807318087,1.026186579378069,1.9354066985645935,0
7860120,Mica RIVERA,100.0,21.95982197937435,1.0790517890127935,1.1726105563480742,0
59215429,Sage HURTA-KLECKER,100.0,22.670424944475723,0.9992810927390368,1.4550359712230216,0
53091912,George COUTTIE,100.0,22.712722478638653,1.049181164226315,1.4310722100656454,0
11747326,Tom ANDERSON,100.0,23.827696537963373,1.0339227715626125,1.3952879581151834,0
49947604,CJ SINGLETON,100.0,24.4904646047278,1.0490427484920009,1.25,0
37651602,Lauren GREGORY,100.0,24.714820377775602,0.9849337748344371,1.8018154311649015,0
61783860,Shane STREICH,100.0,24.719218473784792,0.981392557022809,1.4385321100917432,0
54593767,Daniel MICHALSKI,100.0,24.721586999146453,1.0375357373420642,1.316,0
266183,Thomas KEEN,100.0,25.357483776681285,0.9328673014342534,2.671511627906977,0
21148731,Nick FOSTER,100.0,26.711632077181328,1.0101010101010102,1.9444444444444446,0
14027729,Evert SILVA,100.0,27.109055701653528,0.9634760705289676,1.560553633217993,0
45537525,Thomas BRIDGER,100.0,27.114309486149672,0.9689845910707231,1.5871559633027523,0
87287379,Carson WILLIAMS,100.0,27.120148374278543,1.0714285714285714,1.2516339869281046,0
51901865,Marco LANGON,100.0,27.259537839649422,1.0299846000543527,1.3205804749340369,0
111680667,Allie OSTRANDER,100.0,27.826768665707288,0.9832372462574488,2.8758314855875837,0
53868866,Katie CAMARENA,100.0,28.626740666487013,1.005124919923126,1.5449330783938815,0
33655219,Ellis CROSS,100.0,28.66716224406084,0.9847585432376063,1.4794721407624634,0
40799987,Allie BUCHALSKI,100.0,28.802613611500572,1.0399414551477102,1.325,0
26514282,Jude THOMAS,100.0,28.936504409168048,1.0821335484671712,1.238709677419355,0
29862838,Svetlana APLACHKINA,100.0,28.94584097103417,0.9695859289116894,1.576530612244898,0
73659831,Evan JENKINS,100.0,28.971953676848965,1.036803801048305,1.4484451718494271,0
15124771,Annie RODENFELS,100.0,29.192598027401594,1.0276073619631902,1.4194029850746268,0
94997060,Carla GALLARDO,100.0,29.357649570618342,1.027146814404432,1.4676375404530746,0
69657340,Willy FINK,100.0,29.386810074231676,0.9856316803925004,1.7200000000000002,0
4814818,Adam FOGG,100.0,30.206471680718604,1.063432835820895,1.430340557275542,0
54943881,Riley FLEMINGTON,100.0,30.6717208651303,0.9976766165235883,2.591474245115453,0
12805279,Lauren RYAN,100.0,31.011736315109875,1.0904861144768088,1.484,0
45191607,Thomas PIQUART,100.0,31.412942963213453,0.9630432733100784,2.299559471365639,0
55255852,Sarah KLEIN,100.0,31.486942830640576,1.0244643323752287,1.5609756097560976,0
14187429,Arthur GERVAIS,100.0,31.535404876750075,1.037541109789378,1.4036418816388467,0
19531551,James MCMURRAY,100.0,31.98011960672708,1.0009879218585678,1.4441260744985676,0
7814602,Natasha WODAK,100.0,33.77160130942429,1.0624336086077513,1.3584905660377358,0
23078070,Savannah BERRY,100.0,34.19660389753343,1.0532297201830636,1.3845144356955381,0
43853389,Roxane CLEPPE,100.0,34.27169381291161,1.047040971168437,1.5015527950310559,0
28707348,Sean DONOGHUE,100.0,34.76500241290241,1.0588899695667178,1.3599999999999999,0
69562064,José Carlos PINTO,100.0,34.88502124977052,0.9699945231202567,1.6969147005444645,0
52075256,Gary MARTIN,100.0,35.14294348897319,1.114600380379495,1.5910714285714285,0
49103935,Tyler WIRTH,100.0,35.55009357470888,1.1559496188266492,1.2919354838709678,0
113122040,Viola CHEPNGENO,100.0,35.76692108591366,1.0549194643896762,1.6158940397350992,0
40873235,Christoffer Frost JOHANSEN,100.0,36.10974612705401,1.0153033969141814,1.4805013927576602,0
44368138,Romain MORNET,100.0,36.233152795416466,0.9473199358558805,2.1880064829821717,0
52526147,Joris KEPPENS,100.0,36.24639172896799,0.9841260777707989,1.720626631853786,0
82077769,Leonid LATSEPOV,100.0,36.37375022232166,1.0231869497395767,1.5372093023255813,0
18931477,Scott BEATTIE,100.0,36.6390693216928,1.0685921533329803,1.249721293199554,0
17175025,Tai DINGER,100.0,37.020826038180914,1.0297297297297296,1.435695538057743,0
19686000,Rory LEONARD,100.0,38.076506664447045,1.034446836585874,1.5664652567975832,0
26188193,Mykola NYZHNYK,100.0,38.184848720110146,0.9768303382835601,1.5868263473053892,0
59301037,Olga NYZHNYK,100.0,38.321533940451566,1.0419100916302808,1.5803452855245683,0
22433281,Reed FISCHER,100.0,38.50856795280047,1.066438865771997,1.337209302325581,0
91939851,Blanca FERNÁNDEZ,100.0,39.08251755728185,0.9654494256469852,3.4979166666666663,0
55975379,Cari HUGHES,100.0,39.170438333934385,0.8988357936387155,1.8609523809523807,0
32464862,Colin BENNIE,100.0,41.65518991415266,1.0780271398747392,1.2897603485838778,0
7075179,Remyo TIELSEMA,100.0,42.06272098656118,0.9793923943063523,1.4674620390455533,0
35983960,Sarah CALVERT,100.0,42.32340382430585,0.8699650130079841,2.7192575406032478,0
109059136,Osama ZOGHLAMI,100.0,43.18973121561622,1.016535787179576,1.5834609494640124,0
33180931,Travis MAHONEY,100.0,43.337283425285264,0.9487459105779716,1.8469827586206897,0
9351341,Rory LINKLETTER,100.0,45.72378833290449,1.0800956221476348,1.29476861167002,0
1019940,Noah SCHUTTE,100.0,46.0813086115877,0.9770702021299718,1.7517517517517518,0
25645358,Anais QUEMENER,100.0,46.53144444728595,0.9157495940826266,2.4609929078014185,0
6604642,Leslie SEXTON,100.0,46.85606855383895,1.0193661971830985,1.5375647668393781,0
23295862,Clayton YOUNG,100.0,46.88387673438037,1.111027133247676,1.2418367346938775,0
4151166,Richard ROP,100.0,47.066415611192475,1.0241150699802273,2.2793867120954,0
114930525,Hanna LINDHOLM,100.0,47.430127278736364,1.0913246726413388,1.45580404685836,0
26009876,Levente SZEMEREI,100.0,48.9842881508667,1.0334614984931934,1.416289592760181,0
19488174,Jackson SHARP,100.0,49.833942816336126,0.9430407515420548,2.2573891625615765,0
22399704,Charlie SWEENEY,100.0,50.43672471624219,1.039128955427016,1.4931237721021609,0
21148281,Johannes MOTSCHMANN,100.0,50.51933739314777,1.072400344655571,1.533777354900095,0
77830180,Keisuke YOKOTA,100.0,50.72339653035812,1.0185617947519532,1.7831858407079646,0
24985070,Harry WAKEFIELD,100.0,51.12411130874221,0.9132868032549611,3.36608557844691,0
7425584,Turner WILEY,100.0,51.39027995386717,1.1188013729563724,1.2752043596730245,0
89025421,Ivan SIURIS,100.0,51.394920652981845,0.873901451565123,2.1745762711864405,0
92973610,Shun SADAKATA,100.0,52.71590463576521,1.0495356037151704,1.5801376597836772,0
21000995,Florian BREMM,100.0,53.33959780216294,0.9766589270438714,1.947072072072072,0
9583401,CJ ALBERTSON,100.0,55.033670916621375,1.0858541703094946,1.5434782608695652,0
33993248,Conner MANTZ,100.0,55.78442737187521,1.1458922784093832,1.2757575757575759,0
13506056,Samuel BARATA,100.0,56.24127279153485,1.0745930352359365,1.6653883029721954,0
17931180,Lucas NIEUWEBOER,100.0,57.23407143004868,0.9165941477210919,3.1522029372496663,0
105319659,Erik HILLE,100.0,59.479768395565664,1.023429681521163,1.6065573770491803,0
89621357,Hillary KIPKOECH,100.0,63.60206264534376,0.861198738170347,2.525902668759812,0
37392546,Anthony CAMERIERI,100.0,63.69561682479209,1.0465116279069768,1.5747967479674796,0
24304109,Pedro GOMEZ,100.0,65.59141221376225,0.7837723024638914,4.617886178861788,0
42631475,Shuhei YAMAMOTO,100.0,71.02458318460924,1.0073724741067964,2.741333333333333,0
57973023,Anna GIBSON,100.0,71.87772878208837,0.84466100052601,3.2522123893805306,0
30974038,Angel ALVAREZ,100.0,77.84755858256253,0.9717166748647318,2.273348519362187,0
2966441,Nicolas NAVARRO,100.0,78.16757597964173,0.9579295277575486,2.0596491228070177,0
29901048,Anne LUIJTEN,100.0,78.87283666307351,1.0021500710115196,2.302922940655447,0
2136588,Wil SMITH,100.0,83.44326021998972,0.9236088244978597,2.1497326203208558,0
7594441,Dan LI,100.0,89.06094320865441,1.0126422250316056,1.867761452031115,0
14735105,Jamie PHILLIPS,100.0,124.49387737559425,1.0540322425686453,1.5434782608695652,0
11157470,Stan NIESTEN,100.0,153.86733382523585,0.8540315181172835,3.166242578456319,0
119116811,Collins KIPKEMBOI,100.0,894.3450174632248,0.3597702307769827,79.7626050420168,0
68238567,Takashi SOMA,97.77777777777777,14.010863356646261,1.035726554448643,2.189054726368159,2
13233183,James SEELIGER,97.77777777777777,15.06282891230736,1.1234567901234567,1.3956043956043958,2
30576718,Mariano GARCÍA,97.77777777777777,17.053645136111538,1.0878982671883737,1.5549132947976878,2
43648976,Tinoda MATSATSA,97.77777777777777,17.181999063268908,1.0399999999999998,1.439102564102564,2
46128288,Jack LUNN,97.77777777777777,17.24477494362293,1.0505700767858528,1.4252491694352156,2
68097821,Kana KOBAYASHI,97.77777777777777,20.118434894356025,0.9550606961974435,2.3522727272727275,2
34827695,Ole Jakob SOLBU,97.77777777777777,20.341050322881316,1.040424603751636,1.8522012578616354,2
16528958,Elena BELLÒ,97.77777777777777,20.791199278250016,0.9799382716049383,2.5393700787401574,2
49509743,Hazem MIAWAD,97.77777777777777,21.22744501280733,0.961399188876014,1.9220338983050849,2
40298930,Waleed SULIMAN,97.77777777777777,21.605401874872484,1.029315104509005,1.3371647509578544,2
32795912,Ben PATTISON,97.77777777777777,23.047490869765326,1.0549096423606723,1.6172506738544474,2
28193745,Tanner MAIER,97.77777777777777,23.373118493010146,1.0544516129032258,1.3766519823788546,2
126356583,Lindsey BUTLER,97.77777777777777,23.489439346988316,0.8786774277531894,2.09,2
64360338,Hamza SAHLI,97.77777777777777,23.786821094225203,0.9464450600184674,3.1951219512195124,2
74338147,Erin STRZELECKI,97.77777777777777,24.299805451924197,1.091904659652137,1.3008849557522124,2
40541312,Émile TOUPIN,97.77777777777777,25.382194607767364,1.0646451182939023,1.390342052313883,2
4298711,Ryan CLARKE,97.77777777777777,25.655678940623947,1.0212888377445342,2.047887323943662,2
96119095,Oksana DOLYNCHUK,97.77777777777777,25.825559173448323,1.0170640750367272,1.7875,2
45951923,Levi TAYLOR,97.77777777777777,26.644126614797344,0.965802572887711,1.8915662650602407,2
28540939,Pieter SISK,97.77777777777777,26.91558672247188,0.9993654822335026,1.501098901098901,2
19613002,Danielle JONES,97.77777777777777,27.016376290149452,0.9503734039990364,2.6692015209125475,2
40390930,Sean DOLAN,97.77777777777777,27.25592929101399,1.101008431145644,1.5810810810810811,2
46643128,Adam SPENCER,97.77777777777777,28.932780474087675,1.0711720647080953,1.2025862068965518,2
50043425,Nick DAHL,97.77777777777777,29.850186964802262,1.0144287396937575,1.4528301886792452,2
110408620,Derek HOLDSWORTH,97.77777777777777,30.207647431207086,0.9701056655870015,2.1477832512315276,2
58499394,Parker STOKES,97.77777777777777,30.305762392629884,1.0584399903404975,1.5872689938398357,2
43503052,Benjamin ALLEN,97.77777777777777,30.71138223442257,1.030487388064803,1.4223880597014926,2
134650293,Linn SÖDERHOLM,97.77777777777777,30.739915772226656,1.0601774712287364,1.455592105263158,2
26662661,Lucas BONS,97.77777777777777,31.520155317005315,1.0888928957807433,1.353204172876304,2
13603477,Carmen GRAVES,97.77777777777777,31.85486429724911,1.059219129460116,1.2714285714285714,2
7774046,Toby GILLEN,97.77777777777777,32.09971272783254,1.1055230431602048,1.1600496277915635,2
34063383,Eric HOLT,97.77777777777777,32.40420946774924,1.0273095796885001,1.335113484646195,2
15195661,Baptiste FOURMONT,97.77777777777777,32.654093811912,0.9984734450440216,1.6816,2
3785799,Le YANG,97.77777777777777,33.217984166457455,1.028468323977546,2.831578947368421,2
48312027,Foster MALLECK,97.77777777777777,33.233953765838486,1.0787346221441128,1.284457478005865,2
46054215,Christian PATZKA,97.77777777777777,33.41621555753973,0.9273540276067656,2.7672955974842766,2
34130726,Breanna SIERACKI,97.77777777777777,33.6203775076782,1.0131919996905105,1.8917525773195876,2
23435662,Angelina ELLIS,97.77777777777777,34.35485366077397,1.046085658721903,1.6186770428015564,2
67065684,Hicham OULADHA,97.77777777777777,34.80143840704985,0.9662522894665057,1.896551724137931,2
2827104,Jack ROWE,97.77777777777777,35.39735547166005,1.076084248982868,1.3634259259259258,2
51425538,Tuğba GÜVENÇ,97.77777777777777,35.68367177264272,1.046882919412063,1.9694989106753813,2
39909333,Camden GILMORE,97.77777777777777,36.2074769994559,1.0775253789775574,1.5019011406844107,2
23718316,Jake RITTER,97.77777777777777,36.71477137341356,1.1133302368787739,1.2816020025031292,2
6296853,Cole SPROUT,97.77777777777777,37.074525070411724,1.1358551251573206,1.1814404432132963,2
56592626,Kevin ROBERTSON,97.77777777777777,37.481478560665835,1.0373886090662534,1.8781512605042017,2
9588583,Joey BERRIATUA,97.77777777777777,38.0448403669428,1.0606621310028752,1.2838164251207729,2
46514749,Alexander KORCZYNSKI,97.77777777777777,38.85733185533113,1.0962166575939032,1.7225325884543758,2
26712504,Aaron AHL,97.77777777777777,38.97632303785305,1.0508060576453346,1.4142259414225942,2
119258265,Collins KEMBOI,97.77777777777777,39.03562929628269,0.8959919969020266,2.406807131280389,2
11328161,Regan YEE,97.77777777777777,39.28359332281118,1.047567680423133,1.436472346786248,2
2270227,Marina MARTÍNEZ,97.77777777777777,39.33950087176385,0.8096263263109335,5.508547008547009,2
16448458,Sam GILMAN,97.77777777777777,40.47290111387948,1.0876647976966205,1.4984326018808776,2
26841392,Olin HACKER,97.77777777777777,41.76869397342319,1.0713896259677946,2.56030534351145,2
24359631,Matthew BEAUDET,97.77777777777777,42.441230551603425,0.9419397613184313,1.7888386123680242,2
12019441,Keira D'AMATO,97.77777777777777,42.96689973441124,1.1536357669024868,1.352773826458037,2
5665278,Dillon MAGGARD,97.77777777777777,43.383094089204306,1.0394903334019951,1.549044585987261,2
46285568,Meritxell SOLER,97.77777777777777,43.882222437090604,1.0141670283340567,1.5955983493810177,2
37189883,Laura LUENGO,97.77777777777777,46.87508927470111,1.0590631364562118,1.4690170940170941,2
8820965,Marcella HERZOG,97.77777777777777,47.63296901325516,1.125536822013679,2.0349761526232113,2
39092505,Romain LEGENDRE,97.77777777777777,47.6970736726864,1.1455678670360112,1.2274211099020673,2
36628860,Cameron AVERY,97.77777777777777,47.794426442688646,1.0802338801364302,1.4140730717185386,2
14003386,Emil DANIELSSON,97.77777777777777,48.22876399937637,1.014186019906189,1.8578680203045685,2
99277269,Filip OSTROWSKI,97.77777777777777,49.68571279653911,0.954892233293034,2.62475442043222,2
38758598,Juliette THOMAS,97.77777777777777,49.9739009857671,1.0229876279211854,1.4792833146696531,2
7677443,Charles WHEELER,97.77777777777777,50.25046279968492,1.015204255878103,1.9403202328966522,2
25213063,Emil BLOMBERG,97.77777777777777,50.80574672269975,1.0387890255439927,1.8032786885245902,2
10318023,Davis BOVE,97.77777777777777,51.01571463799282,0.9927164823307255,2.567934782608696,2
47231766,Ignacio ERARIO,97.77777777777777,56.671992594542516,1.086391567289243,1.4124748490945673,2
42139655,Sebastian HENDEL,97.77777777777777,57.42190647188745,1.1079049081378727,1.764516129032258,2
10444014,Sophie O'SULLIVAN,97.77777777777777,57.949102130252214,0.9314024938014304,3.6128472222222223,2
26837949,Zach PANNING,97.77777777777777,60.47797067873091,1.1112283663993245,1.485042735042735,2
29184441,Samuel CHAPPLE,97.77777777777777,62.10970168161889,0.8778673279603224,4.987288135593221,2
35680056,Chandler GIBBENS,97.77777777777777,74.59297483421334,0.9064171122994651,2.6940581542351456,2
51826918,Kerem AYHAN,97.77777777777777,84.48717366321253,0.7493505628455339,4.782,2
33020384,Ruben VERHEYDEN,97.77777777777777,93.1453348004965,0.7710496555978205,5.81,2
18958757,Kasey KNEVELBAARD,97.77777777777777,93.30930240580209,0.7980344522968197,3.3387297633872977,2
10175779,Job IJTSMA,97.77777777777777,99.30427939124341,0.8033620015637216,10.450121654501217,2
6816684,Bastien AUGUSTO,97.77777777777777,101.33911934111218,0.8618272746216067,3.18001978239367,2
52163629,Emma GEE,97.77777777777777,103.1273878921352,0.8785979844272453,2.9197604790419165,2
1837113,Benjamin CHOQUERT,97.77777777777777,111.30867714405474,0.7084278255366276,5.82244556113903,2
8692276,Andreu BLANES,97.77777777777777,132.2582743448624,0.861325788504263,3.8998015873015874,2
53421784,Rebecca BASSETT,95.55555555555556,10.883723795275067,1.094178082191781,2.0774647887323945,4
48454776,Agathe DELAHOUTRE,95.55555555555556,13.870969532107475,1.0020466639377814,1.4191176470588236,4
53922774,Jennifer RANDALL,95.55555555555556,16.289179178280357,0.7861151339608978,3.6580310880829012,4
46787646,Eliott CRESTAN,95.55555555555556,17.30072996747025,1.0289934354485777,1.9425837320574164,4
27198009,Hugo HOUYEZ,95.55555555555556,21.471588081207212,1.0241336633663365,2.039274924471299,4
110793714,Lore HOFFMANN,95.55555555555556,22.15349111857371,1.067987780997885,1.6798679867986799,4
47414877,Robin OESTER,95.55555555555556,23.162175436191557,0.901600474214582,4.893491124260356,4
24725900,Will BARNICOAT,95.55555555555556,23.3679119182473,1.1012056810054154,1.3945720250521922,4
124968948,Sophie NOVAK,95.55555555555556,24.715697966390476,1.1243995924506331,1.1805825242718446,4
112774892,Dennis KIPRUTO,95.55555555555556,25.859424306544295,0.844182097517587,2.9568965517241383,4
26047857,Rebecca MEHRA,95.55555555555556,28.065697808925773,1.1217407049734427,1.493946731234867,4
71517556,Mehdi KADRI,95.55555555555556,29.769486860501264,1.0924400379091637,2.06006006006006,4
64218328,Bobby POYNTER,95.55555555555556,31.898223293700884,1.0172398627847654,1.5739299610894943,4
5089663,Tom ELMER,95.55555555555556,32.18398785185348,0.9817738329155092,3.0962732919254656,4
111373106,Julia JAGUŚCIK,95.55555555555556,32.63457577570309,0.9829252577319587,2.1415929203539825,4
23188755,Marcel TOBLER,95.55555555555556,33.400666508440494,1.0467075396639678,1.6398390342052314,4
50044591,Morgan BEADLESCOMB,95.55555555555556,34.38959029639003,1.1039827550810921,1.387726638772664,4
49240561,Abby NICHOLS,95.55555555555556,34.53485470454944,1.0682273973724061,1.4706896551724138,4
78680893,Gracelyn LARKIN,95.55555555555556,36.05384323720698,1.0944234321400297,1.4864376130198915,4
25504823,Luc LE BARON,95.55555555555556,36.43225089066508,1.0341754737039586,1.523809523809524,4
7018180,Fabienne SCHLUMPF,95.55555555555556,39.88992713190336,0.9760432766615148,2.2304038004750595,4
2988843,James PRESTON,95.55555555555556,40.87368326477877,0.9847106968284642,4.046753246753247,4
9389758,Florian LE PALLEC,95.55555555555556,42.78238099148363,1.053451911616393,1.3224543080939948,4
13065561,James WEST,95.55555555555556,43.72194508648421,1.0050777095412906,1.574500768049155,4
3672145,Baldvin MAGNUSSON,95.55555555555556,46.333662058410596,1.0709438059904082,1.4169835234474015,4
34058082,Tanja SPILL,95.55555555555556,48.894812172420885,0.9291848514712092,3.5659090909090914,4
83232940,Molly GRABILL,95.55555555555556,49.42457425485746,1.1105673436571466,1.5382436260623227,4
48348730,JaQuavious HARRIS,95.55555555555556,50.710502336131654,1.0938545786431397,1.428035043804756,4
24805643,Shu HASEGAWA,95.55555555555556,55.16106464722871,0.7726117711695625,7.3,4
4928335,JP FLAVIN,95.55555555555556,58.198575260438744,1.1015169194865813,1.430084745762712,4
68764297,Agathe GUILLEMOT,95.55555555555556,58.33638570503998,0.8942562133554713,5.321148825065275,4
20307324,Zhanna MAMAZHANOVA,95.55555555555556,58.99527658763713,1.0288976207419327,1.774018944519621,4
19813496,Yago ROJO,95.55555555555556,64.89463797393279,1.0588383767563172,1.9761620977353993,4
21935508,Etienne DAGUINOS,95.55555555555556,65.63269234117523,0.9309922417313189,2.5657894736842106,4
7320900,Robin VAN RIEL,95.55555555555556,94.71670978349391,0.8301897183137374,3.3522388059701496,4
50691525,Carlos SAN MARTÍN,93.33333333333333,9.9941780333566,1.023724406889828,1.9785714285714286,6
129872301,Caden NORRIS,93.33333333333333,12.961938713199311,0.927986906710311,3.380952380952381,6
80652176,Juan PACHECO,93.33333333333333,14.240413724650372,0.936106983655275,2.155844155844156,6
35428770,Luca THOMPSON,93.33333333333333,16.381493489137576,1.086606567933033,1.813333333333333,6
41364026,Isabel OROPEZA,93.33333333333333,16.607540101403885,1.1254000237051083,1.8720379146919433,6
27064583,Sydney STEELY,93.33333333333333,18.31951930520038,0.9370238699847637,2.4000000000000004,6
5181205,Max DAVIES,93.33333333333333,23.886655576006063,0.8586147681740126,2.9433333333333334,6
145188372,Festus LAGAT,93.33333333333333,24.307910354013877,0.947927199191102,2.448,6
53067537,Cillian KIRWAN,93.33333333333333,29.95761357547034,1.0947235847805912,1.7956403269754766,6
61174400,Jack HIGGINS,93.33333333333333,33.50798385745663,1.069155706406449,1.4642857142857142,6
10206606,Liam CASHIN,93.33333333333333,34.19887198477524,1.1000805477245268,1.3492586490939045,6
46880353,Casey COMBER,93.33333333333333,37.125031680240184,1.0424839020057732,1.485623003194888,6
23254495,Silke JONKMAN,93.33333333333333,40.15752946964833,1.086197556130741,3.648379052369077,6
56092465,Valentin BRESC,93.33333333333333,40.486637826319026,1.1405859641153757,1.5842293906810037,6
82013388,Logan MEASNER,93.33333333333333,40.83895157471423,1.1112996267390567,1.334351145038168,6
72131428,Adam MAIJO,93.33333333333333,41.26970860826538,1.125670041691483,1.5323129251700678,6
33721882,Rose DAVIES,93.33333333333333,43.41477500381763,1.161669569544663,1.2048192771084336,6
3449926,Marcelo LAGUERA,93.33333333333333,45.08867800343183,1.111831553083302,1.7209944751381216,6
11837770,Olivia PRATT,93.33333333333333,47.02687412682576,0.9886972040452111,2.070397111913357,6
40483545,Matthew RICHTMAN,93.33333333333333,50.85719966338202,0.9337710260219485,2.5034642032332566,6
1617780,Sam MCENTEE,93.33333333333333,51.78562690146478,1.1635258358662615,1.586206896551724,6
18143228,Matthias KYBURZ,93.33333333333333,56.073815621287665,1.0630270021982349,1.713888888888889,6
24382931,Jacob BOUTERA,93.33333333333333,58.03381724179978,1.2042651055822704,1.4401041666666665,6
25760238,Peter LYNCH,93.33333333333333,58.078464895755864,1.2215367358384743,1.643250688705234,6
51815015,Mehmet ÇELİK,91.11111111111111,13.669145339046777,0.9086918349429325,2.791304347826087,8
19479777,Tiarnan CRORKEN,91.11111111111111,17.935327121584468,1.0368898978433598,2.2512315270935965,8
6448444,Kate GRACE,91.11111111111111,27.157211877275415,0.9471380939149764,1.867986798679868,8
50116782,Isaiah HARRIS,91.11111111111111,28.537278091934027,1.1912922987164527,1.9917355371900827,8
57107380,István SZÖGI,91.11111111111111,33.841961875713736,0.7786956521739131,4.618090452261306,8
91827223,John O'REILLY,91.11111111111111,34.110409482954566,0.9985582649031531,2.2090395480225986,8
48797626,Sarah MADELEINE,91.11111111111111,35.14409724868253,1.0449164168487375,1.9059080962800872,8
9559332,Brandon MILLER,91.11111111111111,50.873951125349386,1.0851682722382083,1.9092088197146562,8
22274135,Ben PREISNER,91.11111111111111,51.14413910840541,1.1168143505511132,1.6589259796806965,8
59060047,Kristina HENDEL,91.11111111111111,51.5384686619056,1.1005115185005414,1.697709923664122,8
58369394,Jerrell MOCK,91.11111111111111,52.30871465537223,1.0268427780144869,2.08298755186722,8
44215632,Sarah SELLERS,91.11111111111111,52.768714232831066,1.055045871559633,1.8862876254180598,8
33598506,Edwin KIBICHIY,91.11111111111111,66.5779805400045,1.0165132647536546,2.2516644474034617,8
9198356,Yuliya POPOVA,90.0,56.582672152159695,0.9020740042422813,2.659699542782495,10
47735255,Stephanie BROKAW,88.88888888888889,21.943703570940464,0.9658302189001601,2.4925373134328357,10
61882404,Lily MURPHY,88.88888888888889,26.64112797957044,0.8299711815561961,4.60625,10
2461878,Mark PEARCE,88.88888888888889,36.1585460374104,0.7001254705144292,4.365591397849462,10
114820846,Ryoji TATEZAWA,88.88888888888889,40.62868785630949,1.0552862570417922,1.7374301675977653,10
33362910,Benjamin ROBERT,88.88888888888889,41.048062953145006,0.9895457822638789,4.321311475409836,10
3875855,Bruno PIERRU,88.88888888888889,42.51083276956725,0.9704016913319239,2.815126050420168,10
34492691,Djilali BEDRANI,88.88888888888889,45.946372742943765,1.085095229774594,1.672101449275362,10
1478217,Jack RAYNER,88.88888888888889,52.57223003436811,1.145119164218087,1.3014967925873127,10
21479529,Jane BAREIKIS,88.88888888888889,55.241176102045,0.9526591270212169,2.2649006622516556,10
31196548,Pernille KARLSEN,88.88888888888889,56.10968254421903,0.7245182555780934,5.6141732283464565,10
105366367,John KORIR,88.88888888888889,67.23329279669015,1.1295918367346938,1.5389082462253196,10
204658,Jonathan DAVIS,88.88888888888889,73.53213116702003,0.7988505747126438,3.7865707434052753,10
18748153,Josh KERR,88.88888888888889,89.51376564850469,0.8229868181673103,3.8324607329842935,10
21547435,Baptiste GUYON,88.88888888888889,104.70542515705834,0.8899531422271223,6.7891986062717775,10
49462685,Kate MITCHELL,86.66666666666667,6.9081877722191125,0.852791878172589,2.982142857142857,12
103535340,Yukichi ISHII,86.66666666666667,22.439983948139734,1.03156146179402,3.4202898550724634,12
16368629,Matthew MCKENNA,86.66666666666667,31.441287382926276,1.189655172413793,1.5190217391304348,12
13151170,Felix BOUR,86.66666666666667,34.36026542469603,1.044841618128142,2.6907216494845363,12
47005372,Berenice CLEYET-MERLE,86.66666666666667,36.8519546080317,1.1512119787819783,1.811023622047244,12
26948702,Ben PERRIN,86.66666666666667,37.295908461919865,1.1375891459384244,1.926605504587156,12
13464267,Ryan SÁNCHEZ,86.66666666666667,38.18392571571734,0.9820061255742726,2.476608187134503,12
55489425,Timo BENITZ,86.66666666666667,44.844276468824326,0.9367624810892586,4.25,12
1861424,Malindi ELMORE,86.66666666666667,50.30792432178621,0.7835203237079271,3.457746478873239,12
27711874,Lisa ROOMS,86.66666666666667,51.76769314960105,1.0112114152591727,3.105831533477323,12
30804228,Ryan FORD,86.66666666666667,59.74194421205015,1.1543931071020272,1.308695652173913,12
18142926,Barnaba KIPKOECH,86.66666666666667,61.16823761230201,1.1978535047295655,1.3211845102505695,12
18803555,Isaac UPDIKE,86.66666666666667,61.843674584910914,1.0395821071218363,2.5668789808917194,12
41804724,Sarah MCDONALD,84.44444444444444,11.429083197343152,0.666767462957363,7.244897959183674,14
58424776,Emily MACKAY,84.44444444444444,11.896578736410303,0.7285342584562012,4.178571428571428,14
70802075,Niko SCHULTZ,84.44444444444444,12.407606420549525,1.0477401682645275,2.26890756302521,14
60155357,Youssef BENZAMIA,84.44444444444444,28.37380876764141,1.0757104795737122,2.3065015479876165,14
123004351,Justin KIPKOECH,84.44444444444444,33.15943649690723,1.0634292021034861,1.848901098901099,14
45789872,Charlie O'DONOVAN,84.44444444444444,43.1819726407248,1.0988708344808595,1.5056390977443608,14
61941233,Elias NGENY,84.44444444444444,43.849882896088296,0.6645640074211503,4.351758793969849,14
23984087,Alessandro LOTTA,84.44444444444444,46.49699707789308,1.2622155911973145,2.726063829787234,14
141766603,Ludovic LE MEUR,84.44444444444444,58.028259835917076,0.6994967191183028,5.659836065573771,14
26028112,Fearghal CURTIN,84.44444444444444,59.177942602842386,1.1217544175982688,2.0632911392405067,14
199092,Lauren HALL,84.44444444444444,97.3176539840197,0.9322033898305085,3.090909090909091,14
35955330,Carlos SAEZ,82.22222222222221,9.188059884678836,0.7767793804681957,6.383561643835617,16
26914590,Sarah HEALY,82.22222222222221,10.460417894452295,0.927710843373494,3.8181818181818175,16
61212790,Pablo SÁNCHEZ,82.22222222222221,10.587503978546858,1.1316568047337279,1.8235294117647056,16
20077578,Morgan MITCHELL,82.22222222222221,20.243053443284392,0.9974004651799152,2.9074074074074074,16
48667720,Awet HABTE,82.22222222222221,28.357699626411836,0.9653544996245845,3.125,16
52304194,Thomas DE BOCK,82.22222222222221,31.76298143428542,1.0360426627436559,2.070287539936102,16
23682243,Corentin LE CLEZIO,82.22222222222221,41.949854318536836,1.0167801960458545,1.9191176470588238,16
131178025,Brian KIPTOO,82.22222222222221,46.68506137854622,1.0914349502740004,2.0125523012552304,16
16817744,Samuel PIHLSTRÖM,82.22222222222221,47.782517523201626,1.0541351235537781,1.839430894308943,16
43012900,El Hocine BOUCHRAK,82.22222222222221,48.36969948616514,1.086750876411997,2.2557603686635948,16
21295355,Sigurd TVEIT,82.22222222222221,48.92880322094387,1.192269728297574,1.8196078431372547,16
107990522,Victor KIPLIMO,82.22222222222221,63.09433366932412,0.8868332411643458,3.1989795918367347,16
6193172,Brett ROBINSON,82.22222222222221,66.15562499859897,1.1726567126959881,1.492822966507177,16
37674562,Peter SMITH,82.22222222222221,111.78623751720211,0.7721170194055226,8.840546697038725,32
66783639,Duncan PERRILLAT,82.22222222222221,124.5968176567762,1.090461582364272,3.029440628066732,16
22542153,Eduardo HERRERA,82.0,127.7345612011586,0.6239558116539943,6.260928961748635,18
117959278,Beatriz ÁLVAREZ,80.0,12.986215068994575,0.8790585566425633,5.387096774193549,20
22362281,Marc SCOTT,80.0,21.402034921296284,0.885943037143982,3.66,18
41072820,Clayton MURPHY,80.0,23.43681494213133,1.025130548302872,2.335243553008596,18
115067841,Lucia PINACCHIO,80.0,23.85434079317682,1.1556151782292066,1.7985074626865671,18
17967435,Aurele VANDEPUTTE,80.0,41.87326066012469,1.173125068030913,1.7035490605427974,18
18934439,Nils VOIGT,80.0,44.27936173756787,0.9307712384183742,3.123028391167192,18
98838651,Enock KIPKEMBOI,80.0,52.48484286077214,1.128279883381924,1.9230769230769234,18
3315425,Andrew HUNTER,80.0,62.38257001572187,0.9311827956989248,3.51270207852194,18
148029050,Mohamed Ali GOUANED,77.77777777777779,20.729895362824713,0.72552783109405,5.535714285714286,20
36047007,Daiki HATTORI,77.77777777777779,28.967971767999156,0.9832615014533427,2.715596330275229,20
132478746,Savannah SHAW,77.77777777777779,41.96847720196297,1.2537268932617767,1.4387633769322237,20
74184450,Alec BASTEN,77.77777777777779,49.980338193060085,1.1604777849967516,1.7868217054263564,20
112056814,Charlotte MOUCHET,77.77777777777779,53.4299529259427,0.8626284478096268,4.235109717868339,20
36042703,Silvia OGGIONI,75.55555555555556,28.01840236075953,1.1369334619093538,2.2099236641221376,22
123289185,Alex PINTADO,75.55555555555556,34.87367437772494,0.6415581499775483,6.244094488188976,22
58262623,Conor MURPHY,75.55555555555556,34.982291591788275,1.192987457240593,1.728494623655914,22
20688835,Kevin VIEZEE,75.55555555555556,43.75406496655778,0.6801195814648728,6.412087912087912,22
133448894,Laura PRIEGO,75.55555555555556,46.00367460761418,1.1673970201577564,1.718918918918919,22
81506583,Victor KIMUTAI,75.55555555555556,46.86184275835042,1.0005945303210464,2.0775401069518717,22
54176296,Sam PARSONS,75.55555555555556,67.23457147192558,1.1270514681254884,1.7667161961367013,22
49179005,Michaela MEYER,73.33333333333333,10.357996422457408,0.7927927927927929,3.772727272727273,24
30928604,Dan KIBET,73.33333333333333,13.412364396122358,0.8735743751516623,4.3125,24
43433221,Nathan MOUNTAIN,73.33333333333333,13.462733249607705,0.7563025210084033,7.314814814814815,24
81785282,Nico BOKETTA,73.33333333333333,18.515760537030854,0.6897463002114165,8.077586206896552,24
120754520,Gladys CHEPNGETICH,73.33333333333333,19.503964230050226,0.8399440037330845,3.2499999999999996,24
12856764,Naoki OTA,73.33333333333333,23.447860067471083,0.7494473102431838,4.15929203539823,24
74623854,Abel TEFFRA,73.33333333333333,45.85391391882389,0.6263786415151745,4.131147540983607,24
107373064,David MULLARKEY,73.33333333333333,61.71324037848726,1.2780771802840174,1.3878116343490303,24
11799655,John GAY,73.33333333333333,67.2718793463105,1.1063265982113282,1.7110778443113772,24
33082169,Noah BALTUS,73.33333333333333,67.97909044204881,1.0250240615976902,3.3018108651911464,24
8483601,Yoann KOWAL,73.33333333333333,74.64979093071967,0.8737017516664083,2.878243512974052,24
13433736,Carina VILJOEN,71.11111111111111,11.313213645300701,0.9406608226567766,5.274193548387098,26
32294430,Shogo NAKAMURA,71.11111111111111,22.538133571742744,0.7135665743770452,2.992063492063492,26
9996058,Alex MELLOY,71.11111111111111,30.281000669594075,1.2233906129776866,2.0188679245283017,26
23384343,Rémi SCHYNS,71.11111111111111,32.63824350381725,0.8095794392523364,4.435064935064935,26
40048824,Morgan PEARSON,71.11111111111111,44.49970184311919,0.4786225779275485,12.81188118811881,26
107895910,Mason COHEN,71.11111111111111,49.38361261292556,0.8896770298822818,4.862595419847328,26
103319230,Hassan CHAHDI,71.11111111111111,54.976871510179194,1.0841070453304205,3.8564231738035266,26
18269729,Federico RIVA,68.88888888888889,24.9938175626405,0.4916010807001057,9.763440860215052,28
113818641,Michael SOMERS,68.88888888888889,32.0559476277572,0.8007300102657693,5.01923076923077,28
44278789,Jordan MACINTOSH,68.88888888888889,48.635151522244996,0.8051229244433004,3.1906474820143886,28
134237562,Tebello RAMAKONGOANA,68.88888888888889,73.56227023013945,1.1407976034450478,1.7725258493353027,28
12527724,Carter FITZGERALD,66.66666666666666,9.54161253330399,0.7502908103916246,6.116279069767443,30
12012236,Kristine Eikrem ENGESET,66.66666666666666,17.80887245327977,0.6332274171584203,7.20967741935484,30
49265326,Dina ALEKSANDROVA,66.66666666666666,68.54858424347864,0.8004566452503584,3.8537313432835822,30
112847410,Allie WILSON,66.0,7.944449558520641,0.6546976241900648,5.773195876288661,34
29372219,Min LIU,64.44444444444444,17.29228172676518,0.7083515522518583,6.0,32
18766100,Callum DAVIES,64.44444444444444,22.147636939570333,0.8528577824205344,3.0314960629921255,32
40310033,Cristhian ZAMORA,64.44444444444444,22.230745024509837,0.8538031509401998,4.133928571428572,32
57348015,Jude WHEELER-DEE,64.44444444444444,22.99074837205374,0.8841917237272998,3.5303030303030303,32
21880851,Eilish MCCOLGAN,64.44444444444444,27.71648743329607,0.6993500988979937,5.300000000000001,32
17615116,Justin KENT,64.44444444444444,34.840788385724814,1.1030019278435692,2.6704119850187267,32
34182540,Heather SEAWARD,64.44444444444444,39.95539383903753,0.4275770633079218,8.965116279069766,32
26355493,Jorge GONZALEZ RIVERA,64.44444444444444,62.75008874850577,1.162532872686021,2.163672654690619,32
25124025,Georgia BELL,62.22222222222222,6.817349099512067,0.7587209302325582,5.482758620689656,34
81890092,Christian JACKSON,62.22222222222222,22.513425731388654,0.7826086956521738,5.596153846153847,34
128956777,Kelvin KIPYEGO,62.22222222222222,33.83441901543988,0.5572963294538944,7.216867469879517,34
99876148,Kendra COLEMAN,62.22222222222222,39.59869380653662,0.38524860059269017,25.692307692307693,34
3943693,Kyle LANGFORD,62.22222222222222,56.40333596085363,0.7348703170028821,6.9321266968325785,34
49440369,Hideyuki TANAKA,60.0,15.280305053617457,0.5301724137931033,10.146341463414634,36
15008982,Yuki TSUTSUMI,60.0,22.516280141505096,0.42474489795918374,14.58108108108108,36
10609301,Lucy REID,60.0,24.81375861753089,0.3389073270359969,14.762711864406779,36
35855647,Robin HENDRIX,60.0,38.23168231374611,0.5679791466593497,11.086956521739133,36
30197343,Mekdes WOLDU,60.0,46.41427592886329,0.3179049939098661,18.413793103448274,36
52417936,Callum ELSON,60.0,51.86444149075351,0.5492497862085051,5.62420382165605,36
24943543,Kartik KUMAR,58.88888888888889,7.353489200525599,0.5912249079421339,6.791805470481338,37
95191578,Andrew CASEY,57.77777777777777,8.436319436990654,0.680314960629921,6.0,38
15697869,Joseph DENG,57.77777777777777,23.228127720782474,0.946650959272972,3.344,38
18819249,Giovanni FILIPPI,57.77777777777777,33.16595430684052,0.16551724137931037,30.249999999999996,38
24411013,Ryan ELSTON,57.77777777777777,36.86548775135968,0.5948275862068966,4.188405797101449,38
23741845,Madeleine KELLY,55.55555555555556,4.495404509437621,0.4306220095693781,9.1,40
84287414,Petro MAMU,55.55555555555556,5.147898543815909,1.1077844311377247,2.459459459459459,40
24687367,Tim MCINERNEY,55.55555555555556,22.541430150161425,0.04182156133828997,119.24999999999999,40
26743149,Cameron LEVINS,55.55555555555556,27.32188721070216,0.638892872508246,5.121212121212122,40
17172793,Raphael PALLITSCH,55.55555555555556,32.56316494467503,0.47282279248333,23.326923076923077,40
8112897,Daniel ARCE,55.55555555555556,52.80799999924349,0.0829397534846216,199.4375,40
60508941,Boniface KIBIWOTT,55.55555555555556,62.73140456453963,0.9052563270603505,3.290322580645161,40
26886165,Kristel VAN DEN BERG,53.333333333333336,12.751465562566796,0.7738317757009344,9.434782608695652,42
26597694,Kieran TUNTIVATE,53.333333333333336,14.494204955433666,0.5113636363636365,12.600000000000001,42
40701290,Simon DEBOGNIES,53.333333333333336,17.617032019371322,0.6909361069836553,6.774193548387098,42
17379874,Julia MAYER,53.333333333333336,19.76362920991971,0.4050109462417904,13.054054054054053,42
13447832,Emma TAVELLA,53.333333333333336,23.468330729779343,0.4085132136372806,11.222222222222223,42
6906691,Austin VANCIL,53.333333333333336,28.716537067773658,0.56282722513089,6.604651162790697,42
10816005,Alexis MIELLET,51.11111111111111,15.631468371793405,0.1220614828209765,36.77777777777778,44
41839883,Tim VINCENT,51.11111111111111,25.499834810953356,0.49723756906077343,14.340000000000002,44
52774592,Luciano FIORE,51.11111111111111,47.49428759119558,0.4343279980696534,6.2749999999999995,44
79030752,Jack SALISBURY,50.0,63.97556372326394,0.17678571428571427,14.939393939393938,90
27457755,Joanna ARCHER,48.888888888888886,4.255944614569363,0.0,inf,46
18196031,Marissa DAMINK,48.888888888888886,13.044747874039887,0.0,inf,46
60077877,Aiden COLES,48.888888888888886,16.960625381103494,0.0,inf,46
4483415,Charlotte PURDUE,48.888888888888886,20.560920715623542,0.0,inf,46
75222533,Patrick KIPROP,48.888888888888886,30.38404344287594,0.0,inf,46
5191761,Ellie PASHLEY,48.888888888888886,56.17672021287203,0.0,inf,46
36474939,Roy HOORNWEG,48.888888888888886,60.542063941426875,0.0,inf,92
38105995,Joey NOKES,48.888888888888886,72.65575860824858,0.0,inf,92
49012071,Jack BALICK,47.77777777777778,51.082512230628176,0.0,inf,94
111183515,Carolina ROBLES,46.666666666666664,10.141580152063806,0.0,inf,48
18055756,Tony VAN DIEPEN,46.666666666666664,17.32930734589117,0.0,inf,48
12983282,Shinichiro NAKAMURA,46.666666666666664,17.62806591589163,0.0,inf,48
15305175,Mateusz BORKOWSKI,46.666666666666664,18.718408962164773,0.0,inf,48
105498989,Emma KELLEY,46.666666666666664,19.783869864103494,0.0,inf,48
2688671,Duncan HAMILTON,46.666666666666664,40.34519813769494,0.0,inf,48
83372861,Kristian Uldbjerg HANSEN,46.666666666666664,83.01344044715333,0.0,inf,48
48092419,Brian KIPTUM,46.0,12.22251606625653,0.0,inf,54
37389921,Jessica KAIN,44.44444444444444,38.53521505989801,0.0,inf,100
58940900,Dillan VAN ROOYEN,44.44444444444444,41.82004152865448,0.0,inf,50
2911356,James HANSEN,44.44444444444444,45.52585205402024,0.0,inf,50
50765671,Shane COHEN,44.44444444444444,48.484736789194756,0.0,inf,100
37868862,Simon MWANGI,42.22222222222222,9.47288896675058,0.0,inf,52
32496631,Ben NAGEL,42.22222222222222,13.575777414412151,0.0,inf,52
60337129,Chamar CHAMBERS,42.22222222222222,18.98293334663331,0.0,inf,52
44196401,Mahadi ABDI ALI,42.22222222222222,20.192012796050925,0.0,inf,52
93170673,Stefan NILLESSEN,42.22222222222222,22.472014116389808,0.0,inf,52
6579855,Tom HENDRIKSE,42.22222222222222,23.361480229484524,0.0,inf,104
46063338,Sultan HAYDAR,42.22222222222222,24.431366425524118,0.0,inf,52
99220051,Athanas KIOKO,42.22222222222222,76.26299228067494,0.0,inf,52
82798069,Jolanda KALLABIS,42.0,45.253289226956596,0.0,inf,58
28572286,Andrew BUTCHART,42.0,70.33718964008048,0.0,inf,58
86896701,Michaela OOSTHUIZEN,40.0,5.943144688547784,0.0,inf,54
13557908,Richard RINGER,40.0,26.292844176303554,0.0,inf,54
17046618,Peter HERZOG,40.0,42.994157687432136,0.0,inf,54
58635794,Damien DILCHER,40.0,43.96221480021965,0.0,inf,54
15610170,Hannah NUTTALL,40.0,46.365225709978446,0.0,inf,54
10799453,Josh IZEWSKI,40.0,51.73135921655781,0.0,inf,54
93800988,Henry MCLUCKIE,40.0,66.73284897846318,0.0,inf,54
91894138,Vincent MUTAI,38.0,12.665001644953175,0.0,inf,62
53810642,Jennifer NESBITT,37.77777777777778,6.462769970496613,0.0,inf,56
98279354,Marco AROP,37.77777777777778,9.852425084165603,0.0,inf,56
51867005,John GREGOREK,37.77777777777778,11.214746655474494,0.0,inf,56
4882648,Mike FOPPEN,37.77777777777778,12.666608507066096,0.0,inf,56
11690614,Andreas ALMGREN,37.77777777777778,80.4860899327007,0.0,inf,56
29394594,Abdurrahman GEDIKLIOĞLU,37.77777777777778,119.97741535504734,0.0,inf,56
142463626,Jaxson HOEY,35.55555555555556,28.592397331621946,0.0,inf,58
130452405,Dennis KIPKURUI,35.55555555555556,29.766056151334038,0.0,inf,58
109555080,Ruken TEK,35.55555555555556,41.72664421513475,0.0,inf,58
19780474,Azeddine HABZ,35.55555555555556,51.82776512134934,0.0,inf,58
69143721,Jonathan GRAHN,35.55555555555556,79.39767225457591,0.0,inf,58
27699540,Deysi CASTRO,34.44444444444444,16.091210264595755,0.0,inf,59
125720171,Annemarie NISSEN,33.33333333333333,23.51819869180324,0.0,inf,60
18082688,Fredrik SANDVIK,33.33333333333333,31.54264248287239,0.0,inf,60
57217273,Grace BARNETT,33.33333333333333,46.18131784960319,0.0,inf,60
33433081,Aidan RYAN,33.33333333333333,60.132956320352044,0.0,inf,60
94876602,James KIMEU,32.22222222222222,10.408217328093787,0.0,inf,61
20228908,Luis Miguel MASABANDA,31.11111111111111,36.21637046111059,0.0,inf,62
10984855,Jonathan MELLOR,28.888888888888886,1.6720652742311168,0.0,inf,64
86185454,Ermias GIRMA,28.888888888888886,3.1693262455606512,0.0,inf,64
20297898,Jean-Simon DESGAGNÉS,28.888888888888886,10.545638776055208,0.0,inf,64
14983457,Sondre Nordstad MOEN,28.888888888888886,11.392766336100353,0.0,inf,64
23911697,Yassin BOUIH,28.888888888888886,38.913720201302574,0.0,inf,64
46478486,Méline ROLLIN,28.888888888888886,62.45990489337645,0.0,inf,64
125052191,Mario GARCÍA Romo,28.000000000000004,35.69497899793194,0.0,inf,72
89673875,Olivia BAKER,26.666666666666668,14.803356920974533,0.0,inf,66
91049781,Hanna HERMANSSON,26.666666666666668,41.3408302361903,0.0,inf,66
56812301,Gabriela DEBUES-STAFFORD,26.666666666666668,42.30448831949861,0.0,inf,66
35522852,Sadi HENDERSON,24.444444444444443,3.6760316224684826,0.0,inf,68
38763189,Víctor ORTIZ RIVERA,24.444444444444443,4.667464954428572,0.0,inf,68
36882848,Anita HORVAT,24.444444444444443,6.355702013963686,0.0,inf,68
27786043,Parul CHAUDHARY,24.444444444444443,7.157647785719421,0.0,inf,68
7327132,Charles PHILIBERT-THIBOUTOT,24.444444444444443,9.422643659317167,0.0,inf,68
7586526,Mario GARCÍA,24.444444444444443,24.612321134344967,0.0,inf,34
44564763,Yazmine WRIGHT,24.444444444444443,31.36957000834507,0.0,inf,68
95919245,Paulo Roberto PAULA,24.444444444444443,53.33609217437357,0.0,inf,68
3593920,Samuel TANNER,22.22222222222222,11.338654123143534,0.0,inf,70
99038751,Salim KEDDAR,22.22222222222222,12.315879136357797,0.0,inf,70
46695698,William BATTERSHILL,22.22222222222222,12.398740220328275,0.0,inf,70
5797327,Said MECHAAL,22.22222222222222,20.194476146853447,0.0,inf,70
23763182,James CORRIGAN,22.22222222222222,21.34409149521395,0.0,inf,70
92829582,Laura NICHOLSON,22.22222222222222,25.724344871284273,0.0,inf,70
97757896,Marta PÉREZ,22.22222222222222,36.290586417043116,0.0,inf,70
7059429,Eric AVILA,22.22222222222222,40.15417170447119,0.0,inf,70
12504485,Amalie SÆTEN,20.0,6.272440924191018,0.0,inf,72
43833791,Luis GRIJALVA,20.0,16.10513566547523,0.0,inf,72
35097302,Ziad AUDAH,20.0,34.153153292992485,0.0,inf,72
100137725,Eduardo MENACHO,20.0,42.2489299215206,0.0,inf,72
73658430,Jie HE,18.88888888888889,5.122181190184651,0.0,inf,73
25871837,Nathan MARTIN,17.77777777777778,2.974411302770155,0.0,inf,74
8841155,Derek JOHNSON,17.77777777777778,4.200566726681076,0.0,inf,74
27102390,Ahmed OUHDA,17.77777777777778,11.669124192745482,0.0,inf,74
38389393,Rob NAPOLITANO,17.77777777777778,21.40355775720373,0.0,inf,74
57098840,Nikki HILTZ,17.77777777777778,34.13737463084943,0.0,inf,74
33977163,Militsa MIRCHEVA,15.555555555555555,9.344713463345721,0.0,inf,76
88934444,Isaac BASTEN,15.555555555555555,17.998990899868218,0.0,inf,76
23093206,Marc TORTELL,15.555555555555555,20.11886883265678,0.0,inf,76
59722793,Ryu TAKAKU,15.555555555555555,20.333972161747486,0.0,inf,76
42578650,Sarah BILLINGS,15.555555555555555,22.27161918640837,0.0,inf,76
66662262,Abderrazak CHARIK,13.333333333333334,7.88124080337782,0.0,inf,78
93911299,Edwin KIPTOO,13.333333333333334,8.627013401634663,0.0,inf,78
49628215,Irvette VAN ZYL,13.333333333333334,14.963134213325626,0.0,inf,78
73380869,Zouhair TALBI,13.333333333333334,17.048137408694156,0.0,inf,78
2770994,Koen NAERT,13.333333333333334,21.650691884632444,0.0,inf,78
36760710,Luke MCCANN,13.333333333333334,32.99834777699842,0.0,inf,78
19806570,Maximilian THORWIRTH,11.11111111111111,6.4099428341880245,0.0,inf,80
43139783,Brett GARDNER,11.11111111111111,35.038801892897254,0.0,inf,80
70760138,Sheila CHEPKIRUI,8.88888888888889,1.1637168637258881,0.0,inf,82
25386511,Carlee HANSEN,8.88888888888889,1.7682179797016104,0.0,inf,82
47153030,Sadie ENGELHARDT,8.88888888888889,5.622110141557848,0.0,inf,82
23571791,Melissa TANAKA,8.88888888888889,9.347245962695505,0.0,inf,82
133154784,Invida MAURIŅA,8.88888888888889,21.243104130297972,0.0,inf,82
25328468,Taryn RAWLINGS,8.88888888888889,23.456015076199627,0.0,inf,82
93495409,Andrew COSCORAN,8.88888888888889,23.765798651200985,0.0,inf,82
8728583,Jorge CASTELBLANCO,8.0,20.280163069892065,0.0,inf,92
68982579,Sebastian FERNANDEZ,6.666666666666667,1.547950474628021,0.0,inf,84
22185738,Li BAI,6.666666666666667,2.1935144444424175,0.0,inf,84
40806845,Mariska PAREWYCK,6.666666666666667,2.2070378105120914,0.0,inf,84
101704901,Yolanda NGARAMBE,6.666666666666667,4.152533118881607,0.0,inf,84
43228727,Jan BADIA,6.666666666666667,21.014277151494845,0.0,inf,84
131800350,Amanda VESTRI,6.0,2.3210246779290293,0.0,inf,94
31259127,Craig ENGELS,6.0,4.974246402494277,0.0,inf,94
29900318,Niels LAROS,4.444444444444445,1.5539547010518553,0.0,inf,86
38210378,Christian NOBLE,4.444444444444445,2.346857983166598,0.0,inf,86
73487204,Kirami Collin YEGO,4.444444444444445,2.922871949909361,0.0,inf,86
10513706,Joe EWING,4.444444444444445,3.513253328114739,0.0,inf,86
24166694,Daniel SIMMONS,4.444444444444445,3.731545410991529,0.0,inf,86
3624317,Nathan GREEN,4.444444444444445,3.9345182620318893,0.0,inf,86
24660297,Brian FAY,4.444444444444445,5.398876948949276,0.0,inf,86
48696680,Quentin TISON,4.444444444444445,6.1845200837102405,0.0,inf,86
17721663,Yaseen ABDALLA,4.444444444444445,6.425193062484229,0.0,inf,86
19582010,Jessica STENSON,4.444444444444445,6.987983751213119,0.0,inf,86
74286940,Naoki AIBA,4.444444444444445,7.347076500609909,0.0,inf,86
3941512,Stephen EVANS,4.444444444444445,8.250793572686787,0.0,inf,86
56168841,Hobbs KESSLER,4.444444444444445,10.164203237759345,0.0,inf,86
69886154,Maël GOUYETTE,4.444444444444445,13.408116870108824,0.0,inf,86
34822200,Evan JAGER,4.444444444444445,23.078349506396094,0.0,inf,86
23205296,Matt WISNER,3.3333333333333335,1.5051738377298693,0.0,inf,174
60178349,Zalen NELSON,2.2222222222222223,0.11927732368672457,0.0,inf,88
8140136,Samuel AUSTIN,2.2222222222222223,0.6225716871316729,0.0,inf,88
48545297,Parker WOLFE,2.2222222222222223,0.8587967305444169,0.0,inf,88
58587312,Giovanna EPIS,2.2222222222222223,2.6479565858452845,0.0,inf,88
23836673,Haftom WELDAY,2.2222222222222223,4.12699539956067,0.0,inf,88
82773562,Vanessa WILSON,2.0,0.4221158824088691,0.0,inf,98
44331112,Yusuke NISHIYAMA,2.0,1.8010277649445086,0.0,inf,98
44007546,Abdihamid NUR,1.1111111111111112,2.3579867007217925,0.0,inf,89
985439,Adam CLARKE,0.0,inf,0.0,inf,45
13243473,Carla SWEENEY,0.0,inf,0.0,inf,45
13279564,Kellyn TAYLOR,0.0,inf,0.0,inf,45
14735644,Henry WYNNE,0.0,inf,0.0,inf,45
16604584,Laura NAGEL,0.0,inf,0.0,inf,45
17233801,Gerda STEYN,0.0,inf,0.0,inf,45
18085134,Hendrik PFEIFFER,0.0,inf,0.0,inf,45
21318574,Taylor ROE,0.0,inf,0.0,inf,45
26104963,Olivier DESMEULES,0.0,inf,0.0,inf,45
26985879,Shane BRACKEN,0.0,inf,0.0,inf,45
26990912,Jennifer GULIKERS,0.0,inf,0.0,inf,45
31658147,Silas TOO,0.0,inf,0.0,inf,45
36750101,Tom DODD,0.0,inf,0.0,inf,45
37006272,Hugo CATRILEO,0.0,inf,0.0,inf,45
40609729,Meredith RIZZO,0.0,inf,0.0,inf,45
45399473,Alexander STEPANOV,0.0,inf,0.0,inf,45
46492412,Alex PHILLIP,0.0,inf,0.0,inf,45
49565163,Wes FERGUSON,0.0,inf,0.0,inf,45
51057645,Annie FRISBIE,0.0,inf,0.0,inf,45
51932246,Ellie BAKER,0.0,inf,0.0,inf,45
52102056,Kayley DELAY,0.0,inf,0.0,inf,45
53485505,Madison NEUNER,0.0,inf,0.0,inf,45
54874775,Lauren HAGANS,0.0,inf,0.0,inf,45
61582475,Chloé HERBIET,0.0,inf,0.0,inf,45
65853028,Jessica GOCKLEY-DAY,0.0,inf,0.0,inf,45
93060887,Amine BRAHIMI,0.0,inf,0.0,inf,45
115739156,Adrianna TOPOLNICKA,0.0,inf,0.0,inf,45
146708596,Brenda JEPCHIRCHIR,0.0,inf,0.0,inf,45
146854303,Bethwel KIBET,0.0,inf,0.0,inf,45
1772562,James DUNNE,0.0,inf,0.0,inf,90
2918986,Osian PERRIN,0.0,inf,0.0,inf,90
6472399,Stewart MCSWEYN,0.0,inf,0.0,inf,90
8382284,Brian SHRADER,0.0,inf,0.0,inf,90
12615695,Mason FERLIC,0.0,inf,0.0,inf,90
16498981,Ahmed MUHUMED,0.0,inf,0.0,inf,90
16536534,Mark MILNER,0.0,inf,0.0,inf,90
17379485,Jason GOMEZ,0.0,inf,0.0,inf,90
17422250,Bryce HOPPEL,0.0,inf,0.0,inf,90
18086418,Ethan HUSSEY,0.0,inf,0.0,inf,90
19392558,Amy BUNNAGE,0.0,inf,0.0,inf,90
20492932,Adel MECHAAL,0.0,inf,0.0,inf,90
22710385,Peng GAO,0.0,inf,0.0,inf,90
22996590,Jessa HANSON,0.0,inf,0.0,inf,90
23870632,Pietro RIVA,0.0,inf,0.0,inf,90
24425564,Eloise WALKER,0.0,inf,0.0,inf,90
25331382,Elena CAREY,0.0,inf,0.0,inf,90
26014313,Mohamed REDA,0.0,inf,0.0,inf,90
26275743,Georgia GRIFFITH,0.0,inf,0.0,inf,90
26290042,Peter BOL,0.0,inf,0.0,inf,90
27091479,Andreas LINDGREEN,0.0,inf,0.0,inf,90
27365281,Aurore FLEURY,0.0,inf,0.0,inf,90
27510601,William AMPONSAH,0.0,inf,0.0,inf,90
27527968,Christian HARRISON,0.0,inf,0.0,inf,90
29955890,Cameron BOYEK,0.0,inf,0.0,inf,90
30262081,Jack ANSTEY,0.0,inf,0.0,inf,90
31098671,Chikako MORI,0.0,inf,0.0,inf,90
31853462,Desiree LINDEN,0.0,inf,0.0,inf,90
32004939,Grace HARTMAN,0.0,inf,0.0,inf,90
32583114,Sinclaire JOHNSON,0.0,inf,0.0,inf,90
33405052,John HEYMANS,0.0,inf,0.0,inf,90
34017215,Colin DALY,0.0,inf,0.0,inf,90
38306342,Emma BATES,0.0,inf,0.0,inf,90
40441638,Owen KARAS,0.0,inf,0.0,inf,90
41446833,Bailey GOGGANS,0.0,inf,0.0,inf,90
41549062,Joel Ibler LILLESØ,0.0,inf,0.0,inf,90
42520906,Darius KIPYEGO,0.0,inf,0.0,inf,90
42577446,James DONAHUE,0.0,inf,0.0,inf,90
43261986,Peyton CRAIG,0.0,inf,0.0,inf,90
43725547,Collins KIBET,0.0,inf,0.0,inf,90
44696180,Dana KLEIN,0.0,inf,0.0,inf,90
47062245,Yassine ABER,0.0,inf,0.0,inf,90
47643982,Jenny BLUNDELL,0.0,inf,0.0,inf,90
47869432,Alison ANDREWS-PAUL,0.0,inf,0.0,inf,90
48002327,Molly BORN,0.0,inf,0.0,inf,90
48905896,Genevieve GREGSON,0.0,inf,0.0,inf,90
48998044,Efrem GIDEY,0.0,inf,0.0,inf,90
50151684,Grant FISHER,0.0,inf,0.0,inf,90
50629847,Kelvin KIPLAGAT,0.0,inf,0.0,inf,90
51232485,Connor WHITELEY,0.0,inf,0.0,inf,90
51646610,Brad MATHAS,0.0,inf,0.0,inf,90
52160022,Veronika SADEK,0.0,inf,0.0,inf,90
52348096,Katie WASSERMAN,0.0,inf,0.0,inf,90
52673478,Cooper TEARE,0.0,inf,0.0,inf,90
54848054,Madison MOONEY,0.0,inf,0.0,inf,90
54852017,Rheinhardt HARRISON,0.0,inf,0.0,inf,90
55907773,Katie IZZO,0.0,inf,0.0,inf,90
56548523,Juliette WHITTAKER,0.0,inf,0.0,inf,90
56768839,Jessica HULL,0.0,inf,0.0,inf,90
57141102,Simone PLOURDE,0.0,inf,0.0,inf,90
57343506,Kenneth KEMBOI,0.0,inf,0.0,inf,90
57585194,Emily RICHARDS,0.0,inf,0.0,inf,90
58146107,Puseletso MOFOKENG,0.0,inf,0.0,inf,90
59137935,Cass ELLIOTT,0.0,inf,0.0,inf,90
59168840,Mick STANOVSEK,0.0,inf,0.0,inf,90
60465864,Yasunari KUSU,0.0,inf,0.0,inf,90
61664754,Ibrahim EZZAYDOUNI,0.0,inf,0.0,inf,90
63632176,Vladimir NIKITIN,0.0,inf,0.0,inf,90
64783137,Parvej KHAN,0.0,inf,0.0,inf,90
68535184,Anne Gine LØVNES,0.0,inf,0.0,inf,90
68771264,Eleanor FULTON,0.0,inf,0.0,inf,90
69456503,Yusuke OGURA,0.0,inf,0.0,inf,90
70979949,Othmane EL GOUMRI,0.0,inf,0.0,inf,90
76249842,Madoka NAKANO,0.0,inf,0.0,inf,90
76636288,Majida MAAYOUF,0.0,inf,0.0,inf,90
79265388,Giulia APRILE,0.0,inf,0.0,inf,90
79782535,Pietro ARESE,0.0,inf,0.0,inf,90
84392751,Theo QUAX,0.0,inf,0.0,inf,90
90054131,Helen BEKELE,0.0,inf,0.0,inf,90
90815678,Rachel MCARTHUR,0.0,inf,0.0,inf,90
91583967,Ahmed Sayf KADRI,0.0,inf,0.0,inf,90
100977122,Fouad MESSAOUDI,0.0,inf,0.0,inf,90
104290453,Chloe SCRIMGEOUR,0.0,inf,0.0,inf,90
110431332,Daiana OCAMPO,0.0,inf,0.0,inf,90
113122362,Euliter TANUI,0.0,inf,0.0,inf,90
113125064,Simon KIPKOSGEI,0.0,inf,0.0,inf,90
115772848,Richard ETIR,0.0,inf,0.0,inf,90
128017669,Mahlet MULUGETA,0.0,inf,0.0,inf,90
137110809,Tristan WOODFINE,0.0,inf,0.0,inf,90
5376540,Miguel MOREIRA,0.0,inf,0.0,inf,100
7082054,Nao KURIHARA,0.0,inf,0.0,inf,100
19562651,Bethan MORLEY,0.0,inf,0.0,inf,100
19625839,Dorian BOULVIN,0.0,inf,0.0,inf,100
33062239,Lindsay FLANAGAN,0.0,inf,0.0,inf,100
40339867,Daniel KOSEN,0.0,inf,0.0,inf,100
56861220,Alicja KONIECZEK,0.0,inf,0.0,inf,100
43525605,Aiden NEAL,0.0,inf,0.0,inf,180
