Athlete Name,Total_Run_Distance_km,Avg_Weekly_Run_Mileage_km,Total_Run_Hours,Avg_Weekly_Run_Hours,Total_Ride_Hours,Total_Swim_Hours,Total_Other_Hours,Competitor,Nat,Gender,Mark,Discipline,Number_of_events,Avg_Run_Pace_min_per_km,2024 Weeks Scraped,Athlete ID
AARON AHL,4941.9290852,109.8206463377778,370.0961111111111,8.224358024691357,0.0,0.0,0.0,Aaron Ahl,CAN,Male,8:28.00,3000m Steeple,1,4.493339803917481,45,26712504
ABBY NICHOLS,3462.012208,76.93360462222222,274.9291666666667,6.109537037037037,0.0,0.0,0.6877777777777778,Abby Nichols,USA,Female,4:12.78|15:03.17,1500m|5000m,2,4.764786779746676,45,49240561
ABDIHAMID NUR,44.7759194,0.995020431111111,2.8666666666666667,0.0637037037037037,0.0,0.0,0.0,Abdihamid Nur,USA,Male,3:35.63|13:03.17|27:17.28,1500m|5000m|10000m,3,3.8413504916216192,45,44007546
ABDURRAHMAN GEDIKLIOĞLU,2389.306631,53.09570291111111,127.6425,2.8365,0.0,0.0,0.0,Abdurrahman Gediklioğlu,TUR,Male,3:39.13,1500m,1,3.2053441365098694,45,29394594
ABEL TEFFRA,1887.0959906,41.93546645777778,133.07472222222222,2.957216049382716,0.1844444444444444,0.0,0.0,Abel Teffra,USA,Male,3:36.52,1500m,1,4.231095489103698,45,74623854
ADAM CLARKE,1084.66,20.86,98.67,1.9,140.76,0.0,0.0,Adam Clarke,GBR,Male,1:01:54,Half,1,5.46,52,985439
ADAM FOGG,4889.67,94.03,343.29,6.6,0.0,0.0,0.0,Adam Fogg,GBR,Male,3:34.37|13:17.08,1500m|5000m,2,4.21,52,4814818
ADAM SPENCER,4087.5304792,90.83401064888888,297.2605555555556,6.60579012345679,0.0,0.0,0.0,Adam Spencer,AUS,Male,1:47.13|3:34.45,800m|1500m,2,4.363425159541336,45,46643128
AGATHE DELAHOUTRE,1923.7084756,42.74907723555555,159.82222222222222,3.551604938271605,0.0,0.0,0.0,Agathe Delahoutre,FRA,Female,2:02.97,800m,1,4.984816283216949,45,48454776
AHMED OUHDA,132.2,2.937777777777778,8.526944444444444,0.1894876543209876,0.0,0.0,0.0,Ahmed Ouhda,ITA,Male,28:18.92|2:13:00,10000m|Full,2,3.870020171457388,45,27102390
AIDAN RYAN,1633.8341548,36.30742566222222,114.25888888888888,2.5390864197530862,0.0,0.0,0.0,Aidan Ryan,USA,Male,3:40.17,1500m,1,4.1959787125227095,45,33433081
AIDEN COLES,490.9130736,10.909179413333334,32.17722222222222,0.7150493827160493,0.0,0.0,0.0,Aiden Coles,CAN,Male,3:40.36,1500m,1,3.932739699058064,45,60077877
ALEC BASTEN,3137.9072254,69.73127167555555,233.32722222222225,5.185049382716049,0.0,0.0,0.0,Alec Basten,USA,Male,8:19.96,3000m Steeple,1,4.461455463059062,45,74184450
ALESSANDRO LOTTA,1751.8148702,38.92921933777778,126.72805555555556,2.816179012345679,0.0,0.0,0.0,Alessandro Lotta,ITA,Male,3:40.42,1500m,1,4.340460549044912,45,23984087
ALEX MELLOY,1883.4427888,41.85428419555556,130.25222222222223,2.894493827160494,0.0,0.0,0.0,Alex Melloy,GBR,Male,3:38.74,1500m,1,4.149387164721153,45,9996058
ALEX PHILLIP,19.31208,0.4291573333333334,1.2166666666666666,0.027037037037037,0.0,0.0,0.0,Alex Phillip,USA,Male,13:27.83|27:51.26,5000m|10000m,2,3.780017481286324,45,46492412
ALEXANDER KORCZYNSKI,3487.4719668,77.49937704,248.11083333333335,5.513574074074074,3.620833333333333,0.0,0.0,Alexander Korczynski,USA,Male,8:29.42,3000m Steeple,1,4.268607788598096,45,46514749
ALEXIS MIELLET,483.8319776,10.751821724444444,31.02611111111111,0.6894691358024692,1.1666666666666667,0.0,1.05,Alexis Miellet,FRA,Male,3:40.09|8:14.01,1500m|3000m Steeple,2,3.84754781174403,45,10816005
ALLIE BUCHALSKI,3027.2007268,67.27112726222222,244.52083333333337,5.433796296296297,3.466666666666667,0.0,4.663888888888889,Allie Buchalski,USA,Female,4:08.86|15:01.75,1500m|5000m,2,4.846474127108418,45,40799987
ALLIE WILSON,289.68,6.437333333333333,29.413611111111113,0.6536358024691359,0.0,0.0,20.863888888888887,Allie Wilson,USA,Female,1:57.52|4:11.78,800m|1500m,2,6.0922972475375134,45,112847410
AMANDA VESTRI,22.78,0.5062222222222222,3.735833333333334,0.0830185185185185,0.0,0.0,0.0,Amanda Vestri,USA,Female,15:13.38|31:10.53,5000m|10000m,2,9.839771729587357,45,131800350
ANDREW BUTCHART,446.97,9.932666666666666,31.638333333333335,0.7030740740740741,69.50138888888888,0.0,0.0,Andrew Butchart,GBR,Male,13:30.25,5000m,1,4.247041188446652,45,28572286
ANDREW CASEY,280.62,6.236,19.83194444444445,0.4407098765432099,0.0,0.0,0.6677777777777778,Andrew Casey,USA,Male,1:47.41,800m,1,4.240313116195092,45,95191578
ANDREW COSCORAN,264.28581479999997,5.873018106666666,17.9575,0.3990555555555555,0.0,0.0,0.0,Andrew Coscoran,IRL,Male,3:32.68|13:12.56,1500m|5000m,2,4.076836287317832,45,93495409
ANDREW HUNTER,4.04,0.08,0.02,0.0,173.59,0.0,0.0,Andrew Hunter,USA,Male,3:33.78|13:08.57|27:38.87,1500m|5000m|10000m,3,0.31,52,3315425
ANGELINA ELLIS,3422.9213394,76.06491865333334,266.1286111111111,5.9139691358024695,0.0,0.0,0.0,Angelina Ellis,USA,Female,4:08.59|9:25.25,1500m|3000m Steeple,2,4.6649382452550405,45,23435662
ANGUS HARRINGTON,2577.8890922,57.28642427111111,186.34472222222223,4.140993827160494,1.9666666666666663,0.0,11.133333333333333,Angus Harrington,GBR,Male,1:47.33,800m,1,4.337146763669189,45,12553443
ANNA GIBSON,1467.4123054,32.60916234222222,129.37444444444444,2.8749876543209876,95.67111111111112,0.0,64.45222222222222,Anna Gibson,USA,Female,4:08.06,1500m,1,5.289901575788344,45,57973023
ANNE LUIJTEN,2174.8781694,48.33062598666667,159.42916666666667,3.5428703703703706,38.19722222222222,0.0,2.033333333333333,Anne Luijten,NED,Female,1:10:39|2:28:47,Half|Full,2,4.39829234326214,45,29901048
ANNEMARIE NISSEN,661.0685918,14.690413151111112,48.41777777777778,1.0759506172839506,0.0,0.0,0.0,Annemarie Nissen,DEN,Female,2:00.26,800m,1,4.394501119402094,45,125720171
ANNIE RODENFELS,3905.3692846,86.78598410222222,276.50888888888886,6.144641975308641,2.0,0.0,1.6875,Annie Rodenfels,USA,Female,4:07.33|9:22.66|15:13.30|32:33.73,1500m|3000m Steeple|5000m|10000m,4,4.2481343310489486,45,15124771
ANTHONY CAMERIERI,2264.9690226,50.33264494666666,161.11388888888888,3.5803086419753085,94.01916666666666,0.0,2.95,Anthony Camerieri,USA,Male,3:39.41|13:23.61,1500m|5000m,2,4.267975957674068,45,37392546
ARTHUR GERVAIS,3767.5132202,83.72251600444444,268.4769444444444,5.966154320987654,2.426388888888889,0.0,3.9,Arthur Gervais,FRA,Male,3:35.86|13:27.25,1500m|5000m,2,4.275662944007276,45,14187429
ATHANAS KIOKO,1442.451442,32.05447648888889,102.6425,2.280944444444444,35.22944444444445,0.0,0.0,Athanas Kioko,KEN,Male,13:18.44|27:32.29,5000m|10000m,2,4.2695024738309355,45,99220051
AUSTIN VANCIL,1492.86,28.71,110.38,2.12,3.95,0.0,0.0,Austin Vancil,USA,Male,28:16.49,10000m,1,4.44,52,6906691
AZEDDINE HABZ,1417.506672,31.500148266666667,100.19416666666666,2.226537037037037,0.5780555555555555,0.0,0.0,Azeddine Habz,FRA,Male,1:43.79|3:30.80,800m|1500m,2,4.241002965804735,45,19780474
BALDVIN MAGNUSSON,6899.66,132.69,476.83,9.17,7.06,0.0,0.0,Baldvin Magnusson,ISL,Male,3:39.90|13:20.34,1500m|5000m,2,4.15,52,3672145
BAPTISTE FOURMONT,1333.7888052,29.639751226666668,102.62277777777776,2.280506172839506,15.712777777777776,0.0,39.188611111111115,Baptiste Fourmont,FRA,Male,8:18.91,3000m Steeple,1,4.616448003357905,45,15195661
BAPTISTE GUYON,2695.1295112,59.89176691555555,194.8622222222222,4.330271604938272,22.45,0.0,28.49861111111111,Baptiste Guyon,FRA,Male,3:37.60|8:29.48|13:28.67,1500m|3000m Steeple|5000m,3,4.33809703197811,45,21547435
BASTIEN AUGUSTO,6332.89,121.79,432.03,8.31,111.08,0.0,0.0,Bastien Augusto,FRA,Male,3:35.25|13:16.85|1:00:18,1500m|5000m|Half,3,4.09,52,6816684
BEN NAGEL,111.5111686,2.478025968888889,6.685,0.1485555555555555,5.85,0.0,2.3333333333333335,Ben Nagel,USA,Male,1:47.38,800m,1,3.596949122098968,45,32496631
BEN PATTISON,2469.5805102,54.87956689333333,181.83194444444445,4.04070987654321,0.0,0.0,0.0,Ben Pattison,GBR,Male,1:42.27,800m,1,4.417720589227975,45,32795912
BEN PERRIN,866.9031778,19.264515062222223,89.55166666666666,1.990037037037037,33.77333333333333,0.0,140.47555555555556,Ben Perrin,USA,Male,13:30.73|28:09.73,5000m|10000m,2,6.19803934002836,45,26948702
BEN PREISNER,3604.5514518,80.10114337333333,235.30944444444444,5.229098765432099,0.0,0.0,12.859166666666669,Ben Preisner,CAN,Male,2:08:58,Full,1,3.916872003482235,45,22274135
BENJAMIN ALLEN,4797.0241116,106.60053581333332,355.9266666666667,7.909481481481482,0.0,0.0,1.1666666666666667,Benjamin Allen,USA,Male,1:46.21|3:37.71,800m|1500m,2,4.451843372719061,45,43503052
BENJAMIN CHOQUERT,2646.6,50.9,181.78,3.5,87.45,0.0,0.0,Benjamin Choquert,FRA,Male,1:02:06,Half,1,4.12,52,1837113
BETHWEL KIBET,504.27,11.206,37.30166666666667,0.828925925925926,0.0,0.0,0.0,Bethwel Kibet,KEN,Male,2:06:26,Full,1,4.438296944097409,45,146854303
BOBBY POYNTER,3660.0736818,81.33497070666667,267.0813888888889,5.9351419753086425,0.0,0.0,0.0,Bobby Poynter,USA,Male,1:46.75,800m,1,4.3782952821464525,45,64218328
BONIFACE KIBIWOTT,2417.4057074,53.72012683111112,165.27583333333334,3.672796296296296,0.0,0.0,0.0,Boniface Kibiwott,KEN,Male,2:10:06,Full,1,4.102145523047341,45,60508941
BRANDON MILLER,3959.7971634,87.99549252,344.4563888888889,7.654586419753087,16.054444444444442,0.0,6.383333333333333,Brandon Miller,USA,Male,1:43.73|3:40.11,800m|1500m,2,5.219303535130497,45,9559332
BREANNA SIERACKI,3065.8892604,68.13087245333332,241.8202777777778,5.373783950617284,2.6666666666666665,0.0,5.446944444444444,Breanna Sieracki,USA,Female,1:10:55,Half,1,4.7324659941480345,45,34130726
BRENDA JEPCHIRCHIR,806.41,17.920222222222222,59.79861111111111,1.328858024691358,0.0,0.0,0.0,Brenda Jepchirchir,KEN,Female,1:09:45,Half,1,4.449246247773051,45,146708596
BRETT GARDNER,525.2724826,11.672721835555556,36.18611111111111,0.8041358024691357,0.0,0.0,0.0,Brett Gardner,USA,Male,8:27.55,3000m Steeple,1,4.133410255796763,45,43139783
BRETT ROBINSON,5310.32,102.12,368.2,7.08,1.75,0.0,0.0,Brett Robinson,AUS,Male,1:01:27,Half,1,4.16,52,6193172
BRIAN FAY,43.0981252,0.9577361155555556,2.4286111111111115,0.0539691358024691,0.0,0.0,0.0,Brian Fay,IRL,Male,3:37.73|13:14.97|27:43.45,1500m|5000m|10000m,3,3.38104420993855,45,24660297
BRIAN KIPTOO,3172.0252334,70.48944963111111,240.7111111111111,5.349135802469136,0.0,0.0,0.0,Brian Kiptoo,KEN,Male,13:24.15,5000m,1,4.553137381945098,45,131178025
BRIAN KIPTUM,446.2,9.915555555555557,50.230555555555554,1.1162345679012344,0.0,0.0,0.0,Brian Kiptum,KEN,Male,1:46.79,800m,1,6.754444942477215,45,48092419
BRUNO PIERRU,2034.55,39.13,163.19,3.14,31.49,0.0,0.0,Bruno Pierru,FRA,Male,3:39.81,1500m,1,4.81,52,3875855
CADEN NORRIS,881.1458368,19.581018595555555,76.68194444444444,1.704043209876543,2.6391666666666667,0.0,4.355,Caden Norris,USA,Male,1:47.13,800m,1,5.221515525029904,45,129872301
CALLUM DAVIES,1080.269475,24.005988333333335,73.32916666666667,1.629537037037037,0.0,0.0,0.0,Callum Davies,AUS,Male,3:35.14,1500m,1,4.0728263658472805,45,18766100
CALLUM ELSON,2199.002176,48.86671502222222,154.7411111111111,3.438691358024691,1.0363888888888888,0.0,0.0,Callum Elson,GBR,Male,3:38.12,1500m,1,4.222127093823607,45,52417936
CAMDEN GILMORE,3416.9667814,75.93259514222223,241.10055555555556,5.35779012345679,0.0,0.0,0.0,Camden Gilmore,USA,Male,3:38.49,1500m,1,4.2335891036688125,45,39909333
CAMERON AVERY,4362.8241796,96.95164843555555,315.5686111111111,7.012635802469136,9.505,0.0,7.1416666666666675,Cameron Avery,NZL,Male,2:10:53,Full,1,4.339876164434987,45,36628860
CAMERON LEVINS,1123.5446276,24.96765839111111,70.65277777777777,1.5700617283950615,0.0,0.0,0.0,Cameron Levins,CAN,Male,1:00:38|2:11:56,Half|Full,2,3.7730291815127415,45,26743149
CARI HUGHES,2272.9030688,50.50895708444444,171.30305555555557,3.8067345679012345,23.266666666666666,0.0,59.49916666666667,Cari Hughes,GBR,Female,4:06.17|15:19.81,1500m|5000m,2,4.52205088480073,45,55975379
CARINA VILJOEN,392.0191306,8.711536235555554,40.53138888888889,0.9006975308641976,2.216666666666667,0.0,7.167222222222222,Carina Viljoen,RSA,Female,4:09.47,1500m,1,6.203481267894363,45,13433736
CARLA GALLARDO,4257.4124096,94.60916465777775,320.3222222222222,7.118271604938271,0.0,0.0,0.0,Carla Gallardo,ESP,Female,15:27.70,5000m,1,4.5143226646297725,45,94997060
CARLEE HANSEN,22.0640514,0.4903122533333333,1.9866666666666668,0.0441481481481481,0.0,0.0,0.0,Carlee Hansen,USA,Female,4:11.02,1500m,1,5.4024529692674665,45,25386511
CARMEN GRAVES,3838.4046472,85.29788104888888,304.1352777777778,6.758561728395062,0.0,0.0,0.0,Carmen Graves,USA,Female,9:42.26|15:32.41,3000m Steeple|5000m,2,4.754088832186601,45,13603477
CARSON WILLIAMS,3510.4050618,78.00900137333333,249.30277777777775,5.540061728395061,1.0980555555555558,0.0,0.0,Carson Williams,USA,Male,3:38.98|8:27.14,1500m|3000m Steeple,2,4.261094205178902,45,87287379
CARTER FITZGERALD,323.960142,7.199114266666667,48.93,1.0873333333333333,0.0,0.0,19.17972222222222,Carter Fitzgerald,USA,Male,1:47.25,800m,1,9.062225932719834,45,12527724
CASEY COMBER,4245.036585,94.33414633333334,309.7836111111111,6.88408024691358,0.75,0.0,0.0,Casey Comber,USA,Male,3:36.35,1500m,1,4.378529205695095,45,46880353
CHAMAR CHAMBERS,624.4400134,13.876444742222224,59.36638888888889,1.3192530864197531,0.0,0.0,0.0,Chamar Chambers,PAN,Male,1:45.27,800m,1,5.70428424972123,45,60337129
CHANDLER GIBBENS,4944.3913754000005,109.8753638977778,329.0058333333333,7.3112407407407405,10.79138888888889,0.0,0.0,Chandler Gibbens,USA,Male,28:12.14,10000m,1,3.9924731885535674,45,35680056
CHARLES PHILIBERT-THIBOUTOT,533.41,10.26,33.44,0.64,0.0,0.0,0.0,Charles Philibert-Thiboutot,CAN,Male,3:33.29|27:54.66,1500m|10000m,2,3.76,52,7327132
CHARLES WHEELER,269.6288236,5.991751635555555,21.412222222222223,0.4758271604938272,197.75333333333333,0.0,0.0,Charles Wheeler,GBR,Male,13:20.17|28:04.89,5000m|10000m,2,4.764821936245445,45,7677443
CHARLIE SWEENEY,4951.7943394,110.0398742088889,363.28027777777777,8.072895061728396,0.0,0.0,0.0,Charlie Sweeney,USA,Male,2:12:23,Full,1,4.401801684943916,45,22399704
CHARLOTTE PURDUE,646.35,12.43,42.39,0.82,1.53,0.0,0.0,Charlotte Purdue,GBR,Female,1:08:02,Half,1,3.94,52,4483415
CHRISTIAN JACKSON,543.0556896,12.067904213333334,56.17722222222222,1.2483827160493826,18.388055555555557,0.0,0.0,Christian Jackson,USA,Male,1:47.43,800m,1,6.206791306829047,45,81890092
CHRISTIAN NOBLE,14.8381148,0.3297358844444444,0.7736111111111111,0.0171913580246913,0.0,0.0,0.0,Christian Noble,USA,Male,3:37.84|8:27.75,1500m|3000m Steeple,2,3.1282051185280406,45,38210378
CHRISTIAN PATZKA,2201.6414936,48.92536652444445,149.6913888888889,3.3264753086419754,0.0,0.0,15.304722222222225,Christian Patzka,USA,Male,8:31.89,3000m Steeple,1,4.079448611157541,45,46054215
CILLIAN KIRWAN,2217.5578662,49.27906369333333,172.93472222222223,3.842993827160494,0.2016666666666666,0.0,0.7152777777777778,Cillian Kirwan,IRL,Male,1:45.75,800m,1,4.67905865794328,45,53067537
CJ SINGLETON,5087.8318496,113.06292999111112,349.1302777777778,7.758450617283951,0.0,0.0,0.0,Cj Singleton,USA,Male,8:27.46,3000m Steeple,1,4.117238400540607,45,49947604
CLAYTON MURPHY,1367.69,30.39311111111111,106.55972222222222,2.3679938271604937,0.7602777777777778,0.0,13.101666666666668,Clayton Murphy,USA,Male,1:44.80,800m,1,4.674731359689208,45,41072820
CLAYTON YOUNG,3915.0736048,87.00163566222221,271.17805555555555,6.026179012345679,0.0,0.0,3.933333333333333,Clayton Young,USA,Male,2:08:44,Full,1,4.15590739172438,45,23295862
COLE SPROUT,5032.39,96.78,330.49,6.36,0.52,0.0,0.0,Cole Sprout,USA,Male,13:30.37|28:17.69,5000m|10000m,2,3.94,52,6296853
COLIN BENNIE,5668.6909358,125.97090968444444,397.8994444444445,8.84220987654321,0.0,0.0,2.3,Colin Bennie,USA,Male,2:12:17,Full,1,4.211548475132632,45,32464862
COLLINS KEMBOI,1297.02,28.822666666666667,104.02222222222224,2.311604938271605,52.07972222222222,0.0,5.653611111111111,Collins Kemboi,KEN,Male,2:10:52,Full,1,4.812056354823622,45,119258265
CONNER MANTZ,4849.585156,107.76855902222222,327.21,7.271333333333333,0.0,0.0,0.0,Conner Mantz,USA,Male,28:00.90|2:08:12,10000m|Full,2,4.048305034031657,45,33993248
CONOR MURPHY,2270.5695258,50.457100573333335,155.4138888888889,3.453641975308642,0.0,0.0,0.0,Conor Murphy,IRL,Male,1:46.95,800m,1,4.1068257225234595,45,58262623
CORENTIN LE CLEZIO,1964.4086842,43.65352631555555,138.07944444444445,3.0684320987654323,0.0,0.0,3.2,Corentin Le Clezio,FRA,Male,1:44.25|3:39.27,800m|1500m,2,4.217435370400338,45,23682243
CRAIG ENGELS,43.03,0.9562222222222222,2.783333333333333,0.0618518518518518,0.0,0.0,0.0,Craig Engels,USA,Male,1:46.86|3:34.21,800m|1500m,2,3.881013246572159,45,31259127
CRISTHIAN ZAMORA,821.2140152,18.249200337777776,46.40027777777778,1.0311172839506173,0.0,0.0,0.0,Cristhian Zamora,URU,Male,1:02:03|2:13:22,Half|Full,2,3.390123177560045,45,40310033
DAIKI HATTORI,1529.919071,33.99820157777778,129.22583333333333,2.8716851851851852,0.0,0.0,0.0,Daiki Hattori,JPN,Male,1:00:49,Half,1,5.067947806501981,45,36047007
DAMIEN DILCHER,1343.396565,29.853257,93.00222222222222,2.0667160493827157,0.0,0.0,0.0,Damien Dilcher,USA,Male,3:38.85,1500m,1,4.153749889432934,45,58635794
DAN KIBET,620.2074492,13.78238776,48.32833333333333,1.073962962962963,1.3,0.0,4.269166666666667,Dan Kibet,UGA,Male,13:24.64,5000m,1,4.675371125806851,45,30928604
DANIEL ARCE,71.89,1.5975555555555556,7.521388888888889,0.1671419753086419,15.966666666666669,0.0,2.1486111111111112,Daniel Arce,ESP,Male,8:08.45|13:29.47,3000m Steeple|5000m,2,6.277414568553809,45,8112897
DANIEL MICHALSKI,4556.1059136,101.24679808,328.17527777777775,7.292783950617284,3.224166666666666,0.0,20.648611111111112,Daniel Michalski,USA,Male,8:28.07,3000m Steeple,1,4.321786420260857,45,54593767
DANIEL SIMMONS,35.4376668,0.7875037066666667,2.3475,0.0521666666666666,0.0,0.0,0.0,Daniel Simmons,USA,Male,13:25.86,5000m,1,3.97458446671777,45,24166694
DANIELLE JONES,1234.9431424,27.44318094222222,132.16583333333332,2.9370185185185185,0.0,0.0,140.2475,Danielle Jones,USA,Female,2:01.49|4:00.64,800m|1500m,2,6.421307773399884,45,19613002
DAVID MULLARKEY,4048.214303,89.96031784444445,276.7463888888889,6.14991975308642,0.0,0.0,0.0,David Mullarkey,GBR,Male,13:28.23,5000m,1,4.101755018509783,45,107373064
DAVIS BOVE,3451.5032178,76.70007150666667,240.745,5.349888888888889,41.81583333333333,0.0,0.0,Davis Bove,USA,Male,3:35.35,1500m,1,4.185046076592419,45,10318023
DENNIS KIPKURUI,954.4834606,21.210743568888887,62.1725,1.3816111111111111,0.0,0.0,0.0,Dennis Kipkurui,KEN,Male,27:45.16|1:02:02,10000m|Half,2,3.908239538959697,45,130452405
DEREK HOLDSWORTH,2561.908346,56.93129657777778,176.26777777777778,3.917061728395062,11.009166666666667,0.0,5.849722222222222,Derek Holdsworth,USA,Male,1:47.37,800m,1,4.128198685631928,45,110408620
DEREK JOHNSON,0.0,0.0,0.0,0.0,2.3205555555555555,0.0,3.4505555555555554,Derek Johnson,USA,Male,3:38.50|8:20.90,1500m|3000m Steeple,2,,45,8841155
DILLAN VAN ROOYEN,1430.9124742,31.79805498222222,123.92083333333332,2.7537962962962963,0.0,0.0,0.0,Dillan Van Rooyen,RSA,Male,1:47.40,800m,1,5.1961598868281085,45,58940900
DILLON MAGGARD,7798.56,149.97,554.06,10.66,0.0,0.0,0.0,Dillon Maggard,USA,Male,3:37.26|13:22.94|27:47.60,1500m|5000m|10000m,3,4.26,52,5665278
DINA ALEKSANDROVA,2843.5911262,63.190913915555555,230.89416666666668,5.130981481481482,0.0,0.0,0.0,Dina Aleksandrova,RUS,Female,2:29:00,Full,1,4.871885367891538,45,49265326
DJILALI BEDRANI,3439.4331678,76.43184817333334,266.9661111111111,5.93258024691358,3.5122222222222224,0.0,0.0,Djilali Bedrani,FRA,Male,3:36.41|8:13.73,1500m|3000m Steeple,2,4.6571530497022,45,34492691
DUNCAN HAMILTON,1521.91,29.27,105.38,2.03,1.38,0.0,0.0,Duncan Hamilton,USA,Male,3:36.69|8:13.76,1500m|3000m Steeple,2,4.15,52,2688671
DUNCAN PERRILLAT,3081.3711112,68.47491358222223,226.6838888888889,5.03741975308642,123.86583333333331,0.0,0.0,Duncan Perrillat,FRA,Male,2:13:05,Full,1,4.413954970856006,45,66783639
EDWIN KIPTOO,438.763042,9.75028982222222,41.06277777777778,0.9125061728395064,0.0,0.0,15.394444444444444,Edwin Kiptoo,KEN,Male,1:01:24|2:06:10|2:13:35,Half|Full,3,5.61525568661425,45,93911299
EILISH MCCOLGAN,1014.3991888,22.542204195555556,67.87416666666667,1.5083148148148149,0.0,0.0,0.4036111111111111,Eilish Mccolgan,GBR,Female,31:20.51|1:09:14,10000m|Half,2,4.014642406031072,45,21880851
ELIAS NGENY,2186.851659,48.59670353333333,204.39638888888888,4.542141975308642,0.0,0.0,3.5700000000000003,Elias Ngeny,KEN,Male,1:44.79,800m,1,5.6079630654697885,45,61941233
ELIOTT CRESTAN,1476.247582,32.80550182222222,95.7725,2.1282777777777775,0.0,0.0,0.0,Eliott Crestan,BEL,Male,1:42.43,800m,1,3.8925381284722738,45,46787646
ELLIE BAKER,997.2919046,22.16204232444444,93.60194444444444,2.080043209876543,0.0,0.0,9.525,Ellie Baker,GBR,Female,2:00.16,800m,1,5.631366945587725,45,51932246
ELLIS CROSS,4768.393953,105.96431006666666,319.89194444444445,7.10870987654321,0.0,0.0,0.0,Ellis Cross,GBR,Male,13:29.63,5000m,1,4.025153302317063,45,33655219
EMIL BLOMBERG,3563.4167214,79.18703825333333,254.1475,5.647722222222223,17.9025,0.0,0.0,Emil Blomberg,SWE,Male,8:16.94,3000m Steeple,1,4.279277780907144,45,25213063
EMIL DANIELSSON,3738.2715124,83.07270027555556,274.97833333333335,6.11062962962963,39.715555555555554,0.0,6.0,Emil Danielsson,SWE,Male,3:37.51|13:27.42,1500m|5000m,2,4.413456846372217,45,14003386
EMILY MACKAY,232.5657234,5.168127186666666,29.615555555555556,0.6581234567901235,0.3044444444444444,0.0,63.32944444444444,Emily Mackay,USA,Female,1:57.87|3:55.90,800m|1500m,2,7.640564169798607,45,58424776
EMMA TAVELLA,775.1707978,17.226017728888888,59.38333333333333,1.3196296296296297,0.0,0.0,4.016666666666667,Emma Tavella,USA,Female,9:53.51,3000m Steeple,1,4.596406379229061,45,13447832
ENOCK KIPKEMBOI,3267.3142548,72.60698344000001,229.165,5.092555555555555,0.0,0.0,0.0,Enock Kipkemboi,KEN,Male,2:11:44,Full,1,4.208318798781008,45,98838651
ERIC AVILA,1297.15,24.95,94.77,1.82,0.0,0.0,0.0,Eric Avila,USA,Male,3:39.46,1500m,1,4.38,52,7059429
ERIC HOLT,5278.3294254,117.29620945333332,378.1730555555555,8.403845679012345,0.0,0.0,0.0,Eric Holt,USA,Male,1:45.89|3:34.05,800m|1500m,2,4.298781206065747,45,34063383
ERIK HILLE,6590.9554096,146.4656757688889,439.96166666666664,9.776925925925925,50.78138888888889,0.0,8.639444444444445,Erik Hille,GER,Male,2:13:03,Full,1,4.005140129085178,45,105319659
ERIN STRZELECKI,2936.7397254,65.26088278666667,222.61055555555555,4.9469012345679015,0.0,0.0,0.0,Erin Strzelecki,USA,Female,32:44.62,10000m,1,4.548116136343709,45,74338147
ERMIAS GIRMA,29.9015372,0.6644786044444444,4.139166666666666,0.0919814814814814,0.0,0.0,11.816666666666666,Ermias Girma,ETH,Male,1:46.59|3:34.73,800m|1500m,2,8.30559306496122,45,86185454
ESTHER SEELAND,3428.1516944,76.18114876444444,233.27805555555557,5.183956790123457,0.0,0.0,49.73611111111111,Esther Seeland,USA,Female,4:11.91,1500m,1,4.0828658067253505,45,142181772
ETIENNE DAGUINOS,2431.7610202,54.03913378222222,181.79055555555556,4.039790123456791,37.68333333333334,0.0,0.0,Etienne Daguinos,FRA,Male,3:37.44|13:19.77|59:46,1500m|5000m|Half,3,4.485405121115171,45,21935508
EVAN JAGER,222.4751616,4.943892480000001,15.857777777777777,0.352395061728395,0.0,0.0,0.0,Evan Jager,USA,Male,3:40.40|8:25.77,1500m|3000m Steeple,2,4.276732107188484,45,34822200
EVAN JENKINS,3894.9407614,86.55423914222223,271.4613888888889,6.032475308641976,0.0,0.0,0.0,Evan Jenkins,USA,Male,28:04.58,10000m,1,4.1817538009175985,45,73659831
FABIENNE SCHLUMPF,2995.81,57.61,218.19,4.2,0.0,0.0,0.0,Fabienne Schlumpf,SUI,Female,1:10:01|2:28:10,Half|Full,2,4.37,52,7018180
FEARGHAL CURTIN,3372.1788492,74.93730776,220.7513888888889,4.905586419753087,3.743888888888889,0.0,0.0411111111111111,Fearghal Curtin,IRL,Male,1:01:45,Half,1,3.927752330359208,45,26028112
FEDERICO RIVA,235.49,5.2331111111111115,20.80638888888889,0.4623641975308642,8.71861111111111,0.0,120.14027777777778,Federico Riva,ITA,Male,1:47.19|3:32.84,800m|1500m,2,5.301215904426232,45,18269729
FESTUS LAGAT,1913.022458,42.511610177777776,126.27972222222222,2.806216049382716,0.0,0.0,0.0,Festus Lagat,KEN,Male,1:44.10|3:33.25,800m|1500m,2,3.960634806793958,45,145188372
FILIP OSTROWSKI,3238.6519094,71.97004243111111,250.12972222222223,5.558438271604938,23.068055555555556,0.0,2.65,Filip Ostrowski,POL,Male,1:45.22|3:35.73,800m|1500m,2,4.633959978772065,45,99277269
FLORENCE CARON,4602.3744386,102.27498752444444,332.37583333333333,7.38612962962963,1.2111111111111112,0.0,46.75333333333333,Florence Caron,CAN,Female,4:13.45|15:32.22,1500m|5000m,2,4.333100286830713,45,42575476
FLORIAN BREMM,630.8773734,14.019497186666667,45.015277777777776,1.0003395061728395,9.683333333333334,0.0,0.0,Florian Bremm,GER,Male,3:37.73|13:11.87,1500m|5000m,2,4.281207062650801,45,21000995
FLORIAN LE PALLEC,5062.2916238,112.49536941777777,347.36861111111114,7.719302469135803,0.0,0.0,0.7441666666666666,Florian Le Pallec,FRA,Male,13:29.78,5000m,1,4.1171307809844375,45,9389758
FOSTER MALLECK,4337.7023822,96.39338627111113,300.4533333333333,6.67674074074074,0.0,0.0,0.0,Foster Malleck,CAN,Male,3:37.87,1500m,1,4.155932890641738,45,48312027
FREDRIK SANDVIK,659.3144112,14.65143136,49.62972222222222,1.1028827160493826,0.0,0.0,0.0,Fredrik Sandvik,NOR,Male,3:40.43|8:28.47,1500m|3000m Steeple,2,4.516484522025769,45,18082688
GABRIELA DEBUES-STAFFORD,873.388818,19.4086404,67.68388888888889,1.5040864197530863,0.0,0.0,2.1333333333333333,Gabriela Debues-Stafford,CAN,Female,15:17.48,5000m,1,4.649742760197936,45,56812301
GARY MARTIN,2900.3686414,64.45263647555555,194.89166666666668,4.330925925925926,0.0,0.0,0.0,Gary Martin,USA,Male,1:47.46|3:35.77,800m|1500m,2,4.0317288751113995,45,52075256
GEORGE COUTTIE,3138.4222142,69.7427158711111,232.49166666666667,5.1664814814814815,1.9166666666666667,0.0,0.4394444444444444,George Couttie,GBR,Male,3:39.77,1500m,1,4.444749319223067,45,53091912
GEORGIA BELL,123.1466968,2.736593262222222,9.549166666666666,0.2122037037037037,0.0,0.0,27.17361111111111,Georgia Bell,GBR,Female,1:56.28|3:52.61,800m|1500m,2,4.652581148242378,45,25124025
GIOVANNA EPIS,18.008514599999998,0.4001892133333333,1.2666666666666666,0.0281481481481481,0.0,0.0,0.0,Giovanna Epis,ITA,Female,1:10:55|2:28:24,Half|Full,2,4.220225914690377,45,58587312
GIOVANNI FILIPPI,1051.784157,23.372981266666667,70.35416666666667,1.563425925925926,0.0,0.0,0.0,Giovanni Filippi,ITA,Male,3:36.24,1500m,1,4.013418505979645,45,18819249
GLADYS CHEPNGETICH,882.4172154,19.609271453333335,68.18194444444444,1.515154320987654,0.0,0.0,0.0,Gladys Chepngetich,KEN,Female,1:59.81|4:13.15,800m|1500m,2,4.636034514367733,45,120754520
GRACE BARNETT,1313.0926928,29.179837617777775,106.88583333333334,2.375240740740741,1.188611111111111,0.0,9.95,Grace Barnett,USA,Female,4:09.27,1500m,1,4.8840040274116445,45,57217273
GRACELYN LARKIN,3660.041495,81.33425544444444,283.89722222222224,6.308827160493828,0.0,0.0,0.0,Gracelyn Larkin,CAN,Female,15:25.83,5000m,1,4.654000058907347,45,78680893
HAFTOM WELDAY,27.8576754,0.6190594533333333,1.3666666666666667,0.0303703703703703,0.0,0.0,0.0,Haftom Welday,GER,Male,2:08:29,Full,1,2.9435334722867794,45,23836673
HAMZA SAHLI,722.4649128,16.054775839999998,72.59944444444444,1.613320987654321,17.36611111111111,0.0,55.048611111111114,Hamza Sahli,MAR,Male,2:09:03,Full,1,6.029312412951089,45,64360338
HANNA HERMANSSON,844.1471102,18.75882467111111,65.8086111111111,1.4624135802469134,1.7833333333333334,0.0,0.0,Hanna Hermansson,SWE,Female,4:07.68,1500m,1,4.67752198515631,45,91049781
HANNA LINDHOLM,5754.6135984,127.88030218666668,429.6463888888889,9.547697530864198,0.0,0.0,5.583333333333334,Hanna Lindholm,SWE,Female,1:11:03|2:31:18,Half|Full,2,4.479672334646553,45,114930525
HANNAH NUTTALL,1564.600348,34.76889662222222,116.27638888888887,2.5839197530864197,0.0,0.0,0.0,Hannah Nuttall,GBR,Female,4:07.16|14:52.65,1500m|5000m,2,4.459019418122572,45,15610170
HARRY WAKEFIELD,3468.4012878,77.07558417333333,266.96694444444444,5.932598765432099,20.919444444444444,0.0,5.933333333333334,Harry Wakefield,GBR,Male,3:40.35,1500m,1,4.618270879730547,45,24985070
HAYLEY KITCHING,2164.7393274,48.10531838666667,176.35583333333332,3.9190185185185182,3.016111111111111,0.0,0.0,Hayley Kitching,AUS,Female,2:00.70,800m,1,4.888048120190491,45,46801273
HAZEM MIAWAD,2263.7459242,50.30546498222222,184.4963888888889,4.09991975308642,0.0,0.0,0.0,Hazem Miawad,EGY,Male,1:46.12,800m,1,4.890029050961343,45,49509743
HEATHER SEAWARD,1167.898038,25.953289733333335,81.82861111111112,1.8184135802469137,8.961666666666666,0.0,0.0,Heather Seaward,GBR,Female,2:32:40,Full,1,4.203891527272749,45,34182540
HENDRIK PFEIFFER,690.9399999999999,15.35422222222222,39.95111111111111,0.8878024691358024,0.0,0.0,0.0,Hendrik Pfeiffer,GER,Male,2:07:14,Full,1,3.469283391707915,45,18085134
HENRY FISHER,1932.5115654,42.94470145333333,168.02527777777777,3.733895061728395,0.0,0.0,33.98777777777778,Henry Fisher,GBR,Male,1:46.59,800m,1,5.2167949973328875,45,33502406
HENRY WYNNE,3858.3604632,85.74134362666668,288.7813888888889,6.417364197530865,0.0,0.0,0.0,Henry Wynne,USA,Male,3:32.94,1500m,1,4.4907373218734925,45,14735644
HICHAM OULADHA,4130.532044,91.78960097777777,296.43194444444447,6.587376543209877,0.0,0.0,0.0,Hicham Ouladha,MAR,Male,28:19.81|1:00:57,10000m|Half,2,4.305962640455107,45,67065684
HIDEYUKI TANAKA,561.1607646,12.470239213333333,52.910555555555554,1.17579012345679,0.0,0.0,0.0,Hideyuki Tanaka,JPN,Male,1:01:13|2:09:27,Half|Full,2,5.657261757414986,45,49440369
HILLARY KIPKOECH,5353.308576,118.9624128,440.0252777777778,9.77833950617284,0.2083333333333333,0.0,0.0,Hillary Kipkoech,KEN,Male,59:37,Half,1,4.9318129698389095,45,89621357
HOBBS KESSLER,43.6774876,0.9706108355555556,3.05,0.0677777777777777,2.033333333333333,0.0,0.0,Hobbs Kessler,USA,Male,1:43.64|3:29.45,800m|1500m,2,4.189801429878948,45,56168841
HUGO HOUYEZ,1420.403484,31.564521866666663,129.22222222222223,2.871604938271605,0.9102777777777776,0.0,10.616666666666667,Hugo Houyez,FRA,Male,1:46.13,800m,1,5.458542886348858,45,27198009
IGNACIO ERARIO,5849.9991802,129.99998178222222,441.4094444444444,9.8090987654321,0.0,0.0,0.0,Ignacio Erario,ARG,Male,1:01:11|2:12:55,Half|Full,2,4.527276987714246,45,47231766
INVIDA MAURIŅA,258.0737624,5.734972497777778,23.33388888888889,0.5185308641975309,0.0,0.0,0.0,Invida Mauriņa,LAT,Female,2:03.54,800m,1,5.424934795050413,45,133154784
IRVETTE VAN ZYL,212.8513084,4.730029075555556,13.85,0.3077777777777777,0.0,0.0,0.5391666666666667,Irvette Van Zyl,RSA,Female,2:31:14,Full,1,3.904133858732719,45,49628215
ISAAC BASTEN,327.0500748,7.26777944,23.973333333333333,0.5327407407407407,0.0,0.0,0.0,Isaac Basten,USA,Male,1:46.89|3:37.14,800m|1500m,2,4.398103259507342,45,88934444
ISAAC UPDIKE,3053.5939028,67.85764228444444,225.50583333333333,5.011240740740741,35.59222222222222,0.0,10.814166666666669,Isaac Updike,USA,Male,8:19.11,3000m Steeple,1,4.4309592010886965,45,18803555
ISAIAH HARRIS,1724.085942,38.313020933333334,130.57611111111112,2.9016913580246917,15.911111111111111,0.0,0.0,Isaiah Harris,USA,Male,1:44.58|3:37.78,800m|1500m,2,4.544185690406069,45,50116782
ISHMAEL ARTHUR,2911.7949554,64.70655456444445,195.14805555555552,4.336623456790123,0.1944444444444444,0.0,0.0,Ishmael Arthur,GHA,Male,28:11.79,10000m,1,4.0211908848934925,45,28079951
IVAN SIURIS,4347.5354496,96.61189888,325.4063888888889,7.231253086419754,1.3,0.0,1.5833333333333333,Ivan Siuris,MDA,Male,2:13:34,Full,1,4.4909083685860915,45,89025421
JACK BALICK,2486.8970086,55.26437796888889,194.9611111111111,4.332469135802469,35.083888888888886,0.0,0.0,Jack Balick,USA,Male,1:47.11,800m,1,4.703719786631564,45,49012071
JACK HIGGINS,2666.9499678,59.26555484000001,193.11333333333337,4.291407407407408,1.2644444444444445,0.0,0.0,Jack Higgins,GBR,Male,1:45.63,800m,1,4.344588439939162,45,61174400
JACK LUNN,2077.65794,46.17017644444445,192.6313888888889,4.280697530864198,0.0,0.0,0.0,Jack Lunn,AUS,Male,1:46.25,800m,1,5.5629384947424665,45,46128288
JACK RAYNER,5336.82,118.596,364.3325,8.096277777777777,8.016666666666666,0.0,0.0,Jack Rayner,AUS,Male,13:16.34|27:09.57|2:11:49,5000m|10000m|Full,3,4.096062823928857,45,0
JACK ROWE,8305.15,159.71,562.33,10.81,0.0,0.0,0.0,Jack Rowe,GBR,Male,3:38.57|13:04.75|27:54.55,1500m|5000m|10000m,3,4.06,52,2827104
JACK SALISBURY,5290.1741678,117.55942595111112,379.44055555555553,8.432012345679011,0.0,0.0,0.0,Jack Salisbury,USA,Male,3:36.17,1500m,1,4.30353190862922,45,79030752
JACKSON SHARP,4787.8830604,106.39740134222224,347.93305555555554,7.731845679012346,32.43861111111111,0.0,0.0,Jackson Sharp,AUS,Male,3:38.03|13:17.08,1500m|5000m,2,4.360169843327223,45,19488174
JACOB BOUTERA,4563.5571578,101.41238128444444,327.1402777777778,7.269783950617284,0.0,0.0,0.6152777777777778,Jacob Boutera,NOR,Male,8:22.94,3000m Steeple,1,4.301122126435497,45,24382931
JAKE RITTER,4518.6404784,100.41423285333332,333.7633333333333,7.416962962962963,3.498611111111111,0.0,9.6375,Jake Ritter,USA,Male,28:19.67,10000m,1,4.431819724478482,45,23718316
JAMES CORRIGAN,426.153232,9.470071822222222,29.131944444444446,0.6473765432098766,0.0,0.0,0.0,James Corrigan,USA,Male,8:13.87|13:30.67,3000m Steeple|5000m,2,4.101615417683062,45,23763182
JAMES HANSEN,1399.63,26.92,103.01,1.98,0.0,0.0,0.0,James Hansen,AUS,Male,3:40.22,1500m,1,4.42,52,2911356
JAMES KIMEU,896.130256,19.91400568888889,82.05444444444444,1.823432098765432,0.0,0.0,18.87388888888889,James Kimeu,KEN,Male,13:29.80|28:11.68,5000m|10000m,2,5.493918583490687,45,94876602
JAMES PRESTON,2285.3,43.95,164.9,3.17,3.62,0.0,0.0,James Preston,NZL,Male,1:44.04,800m,1,4.33,52,2988843
JAMES SEELIGER,1764.3033486,39.20674108,195.23583333333335,4.338574074074074,0.0,0.0,0.0,James Seeliger,RSA,Male,1:46.22,800m,1,6.639532827104448,45,13233183
JAMES WEST,4495.2245814,99.89387958666666,321.48583333333335,7.14412962962963,1.1841666666666666,0.0,0.0,James West,GBR,Male,3:36.18|13:09.07,1500m|5000m,2,4.291031438076128,45,13065561
JAN BADIA,247.6291458,5.502869906666667,17.89888888888889,0.3977530864197531,0.0,0.0,0.0,Jan Badia,ESP,Male,3:40.51,1500m,1,4.336861599485166,45,43228727
JANE BAREIKIS,3204.7753024,71.21722894222222,251.40722222222223,5.5868271604938275,0.0,0.0,9.393611111111111,Jane Bareikis,USA,Female,2:31:17,Full,1,4.7068614520452865,45,21479529
JAQUAVIOUS HARRIS,3795.2743352,84.3394296711111,263.53333333333336,5.856296296296297,0.0,0.0,0.0,Jaquavious Harris,USA,Male,3:39.24,1500m,1,4.166233743197053,45,48348730
JAXSON HOEY,852.4834914,18.94407758666667,67.30194444444444,1.4955987654320988,0.0,0.0,0.0,Jaxson Hoey,USA,Male,1:46.86|3:39.40,800m|1500m,2,4.73688547333043,45,142463626
JEAN-SIMON DESGAGNÉS,274.8108984,6.106908853333333,18.6675,0.4148333333333333,0.0,0.0,0.0,Jean-Simon Desgagnés,CAN,Male,3:39.90|8:13.11,1500m|3000m Steeple,2,4.0757117222102135,45,20297898
JENNIFER GULIKERS,607.686784,13.504150755555557,42.683055555555555,0.9485123456790124,7.5166666666666675,0.0,0.0,Jennifer Gulikers,NED,Female,15:31.00|32:28.94,5000m|10000m,2,4.214314677828066,45,26990912
JENNIFER NESBITT,110.3846306,2.4529917911111108,12.285555555555556,0.2730123456790123,0.0,0.0,9.6275,Jennifer Nesbitt,GBR,Female,15:10.19,5000m,1,6.677862029583432,45,53810642
JENNIFER RANDALL,524.44,11.654222222222224,47.00416666666667,1.044537037037037,0.0,0.0,95.31972222222224,Jennifer Randall,USA,Female,4:07.19|15:25.13,1500m|5000m,2,5.3776409122111195,45,53922774
JERRELL MOCK,2843.2370714,63.18304603111111,212.285,4.717444444444444,1.6719444444444445,0.0,24.489722222222223,Jerrell Mock,USA,Male,2:11:26,Full,1,4.479788241410449,45,58369394
JESSICA KAIN,2581.5262006,57.367248902222215,204.05722222222224,4.534604938271605,0.7527777777777778,0.0,9.999166666666666,Jessica Kain,USA,Female,4:12.59,1500m,1,4.742711242089159,45,37389921
JOANNA ARCHER,78.8254732,1.7516771822222224,7.706111111111111,0.1712469135802469,0.0,0.0,9.855277777777776,Joanna Archer,GUY,Female,2:03.52,800m,1,5.865701122954587,45,27457755
JOB IJTSMA,2913.2111746,64.73802610222222,214.78944444444448,4.773098765432099,29.016666666666666,0.0,0.0,Job Ijtsma,NED,Male,3:37.20,1500m,1,4.423766728286072,45,10175779
JOE EWING,30.5613666,0.67914148,1.7994444444444444,0.0399876543209876,0.0,0.0,0.0,Joe Ewing,GBR,Male,3:40.43,1500m,1,3.5327826821287065,45,10513706
JOEY BERRIATUA,3260.3458126,72.45212916888889,227.08194444444445,5.046265432098766,0.0,0.0,1.0197222222222222,Joey Berriatua,USA,Male,8:20.82,3000m Steeple,1,4.178978994808321,45,9588583
JOEY NOKES,4571.2819898,101.58404421777776,337.2633333333333,7.49474074074074,0.0,0.0,4.1,Joey Nokes,USA,Male,13:28.89,5000m,1,4.42672319168946,45,38105995
JOHANNES MOTSCHMANN,6053.5645968,134.52365770666665,398.5844444444445,8.857432098765432,1.7666666666666666,0.0,5.466666666666667,Johannes Motschmann,GER,Male,1:01:33|2:10:39,Half|Full,2,3.950575943190316,45,21148281
JOHN GAY,4084.9394418,90.77643204,284.69666666666666,6.3265925925925925,4.539444444444444,0.0,13.701944444444443,John Gay,CAN,Male,8:25.20,3000m Steeple,1,4.1816531783083235,45,11799655
JOHN KORIR,5381.3432788,119.58540619555556,382.9644444444445,8.510320987654321,0.0,0.0,2.05,John Korir,KEN,Male,58:50|2:02:44,Half|Full,2,4.269912822173753,45,105366367
JOLANDA KALLABIS,148.52,3.3004444444444445,11.07638888888889,0.2461419753086419,44.333333333333336,0.0,1.6166666666666667,Jolanda Kallabis,GER,Female,2:03.50|4:07.44,800m|1500m,2,4.474705987970195,45,82798069
JONATHAN DAVIS,1.66,0.03,0.29,0.01,26.79,0.0,0.0,Jonathan Davis,USA,Male,3:39.95,1500m,1,10.61,52,204658
JONATHAN GRAHN,883.5115666,19.63359036888889,62.1325,1.3807222222222222,40.343333333333334,0.0,0.0,Jonathan Grahn,SWE,Male,3:38.02,1500m,1,4.219469377572719,45,69143721
JONATHAN MELLOR,8.127167,0.1806037111111111,0.9197222222222222,0.0204382716049382,0.0,0.0,3.716111111111111,Jonathan Mellor,GBR,Male,2:09:09,Full,1,6.789983930849868,45,10984855
JORDAN MACINTOSH,2500.7373326,55.571940724444445,187.29361111111112,4.162080246913581,0.0,0.0,0.0,Jordan Macintosh,CAN,Male,8:31.40,3000m Steeple,1,4.4937213197769115,45,44278789
JORGE CASTELBLANCO,0.0,0.0,0.0,0.0,6.866666666666666,0.0,0.0,Jorge Castelblanco,PAN,Male,2:09:24,Full,1,,45,8728583
JORIS KEPPENS,5311.385269,118.03078375555556,347.22333333333336,7.716074074074075,1.3333333333333333,0.0,5.55,Joris Keppens,BEL,Male,2:13:18,Full,1,3.922404221285647,45,52526147
JOSEPH DENG,956.8491904,21.26331534222222,69.95,1.5544444444444443,0.0,0.0,0.0,Joseph Deng,AUS,Male,1:45.87,800m,1,4.386271151303887,45,15697869
JOSEPH TUFFIN,3573.0888548,79.40197455111111,264.8233333333333,5.8849629629629625,0.0,0.0,0.0,Joseph Tuffin,GBR,Male,3:38.99,1500m,1,4.446964697968418,45,19033722
JOSH IZEWSKI,1627.7508496,36.17224110222222,118.80888888888887,2.6401975308641976,0.0,0.0,0.0,Josh Izewski,USA,Male,2:11:09,Full,1,4.379376201883159,45,10799453
JOSH KERR,519.8329134,11.55184252,42.18833333333333,0.9375185185185184,106.64583333333331,0.0,75.67472222222221,Josh Kerr,GBR,Male,1:45.94|3:27.79,800m|1500m,2,4.869449268696498,45,18748153
JOSÉ CARLOS PINTO,3773.3229376,83.85162083555555,251.6886111111111,5.59308024691358,2.4563888888888887,0.0,1.4094444444444445,José Carlos Pinto,POR,Male,3:37.73,1500m,1,4.002126750452949,45,69562064
JP FLAVIN,7064.3,135.85,451.58,8.68,0.0,0.0,0.0,JP Flavin,USA,Male,2:12:34,Full,1,3.84,52,4928335
JUDE THOMAS,5187.6592098,115.28131577333332,379.0436111111111,8.423191358024692,0.0,0.0,0.0,Jude Thomas,AUS,Male,3:37.01,1500m,1,4.383984326438332,45,26514282
JUDE WHEELER-DEE,1083.08582,24.06857377777778,78.04166666666667,1.7342592592592594,0.0,0.0,0.0,Jude Wheeler-Dee,CAN,Male,3:39.02,1500m,1,4.323295452247727,45,57348015
JULIA JAGUŚCIK,2409.4716612,53.54381469333334,201.06472222222223,4.468104938271605,3.710555555555555,0.0,2.67,Julia Jaguścik,POL,Female,2:02.19|4:13.36,800m|1500m,2,5.006858361357569,45,111373106
JULIA MAYER,640.1471718,14.225492706666667,45.92388888888889,1.0205308641975308,0.0,0.0,0.0,Julia Mayer,AUT,Female,1:11:09|2:31:25,Half|Full,2,4.304374766798483,45,17379874
JULIETTE THOMAS,4813.4232862,106.96496191555556,350.71,7.793555555555555,9.9225,0.0,5.2125,Juliette Thomas,BEL,Female,1:09:48|2:27:23,Half|Full,2,4.371649603376616,45,38758598
JUSTIN KENT,1430.8963808,31.797697351111115,87.75888888888889,1.9501975308641977,0.0,0.0,0.0,Justin Kent,CAN,Male,2:12:17,Full,1,3.6798844444553183,45,17615116
KASEY KNEVELBAARD,3939.6965068,87.54881126222222,298.25666666666666,6.6279259259259256,63.80638888888889,0.0,0.0,Kasey Knevelbaard,USA,Male,3:35.68|13:13.23,1500m|5000m,2,4.542329585315052,45,18958757
KATE CURRENT,825.9776616,18.35505914666667,99.34138888888889,2.2075864197530866,6.176111111111111,0.0,45.67472222222222,Kate Current,CAN,Female,4:06.91,1500m,1,7.216276674828337,45,39397963
KATE GRACE,2809.55,54.03,201.0,3.87,0.0,0.0,0.0,Kate Grace,USA,Female,1:58.97|4:11.92,800m|1500m,2,4.29,52,6448444
KATE MITCHELL,367.2996682,8.162214848888889,41.678333333333335,0.9261851851851852,0.0,0.0,28.075,Kate Mitchell,USA,Female,2:01.13,800m,1,6.808337214827902,45,49462685
KATIE CAMARENA,2784.801936,61.88448746666666,210.42222222222225,4.676049382716049,0.3569444444444444,0.0,2.95,Katie Camarena,USA,Female,15:21.55|32:00.20,5000m|10000m,2,4.533655758465881,45,53868866
KAYLEY DELAY,2271.3098222,50.47355160444444,173.80527777777775,3.86233950617284,2.1911111111111112,0.0,5.766944444444444,Kayley Delay,USA,Female,4:12.68|9:29.07|15:05.96,1500m|3000m Steeple|5000m,3,4.591322841445627,45,52102056
KEIRA D'AMATO,2396.6774082,53.25949796,176.49138888888888,3.922030864197531,0.8047222222222222,0.0,1.05,Keira D'Amato,USA,Female,31:05.31,10000m,1,4.418401615963183,45,12019441
KEISUKE YOKOTA,4778.5488884,106.18997529777776,360.77722222222224,8.017271604938271,2.7919444444444443,0.0,0.0,Keisuke Yokota,JPN,Male,2:12:23,Full,1,4.529959583730715,45,77830180
KELLYN TAYLOR,2299.1996844,51.09332632,171.85750000000002,3.819055555555556,0.0,0.0,0.0,Kellyn Taylor,USA,Female,32:12.02|2:30:28,10000m|Full,2,4.484799676149434,45,13279564
KELVIN KIPYEGO,1368.53,30.41177777777778,98.935,2.1985555555555556,0.0,0.0,0.0,Kelvin Kipyego,KEN,Male,1:47.06,800m,1,4.3375738931554295,45,128956777
KENDRA COLEMAN,476.7347882,10.594106404444444,40.47527777777778,0.8994506172839506,18.933333333333337,0.0,5.301388888888889,Kendra Coleman,USA,Female,2:01.36,800m,1,5.094062205604878,45,99876148
KEREM AYHAN,2261.6376888,50.25861530666667,174.26305555555555,3.872512345679013,72.49055555555556,0.0,8.225833333333334,Kerem Ayhan,TUR,Male,1:46.89,800m,1,4.62310271230095,45,51826918
KEVIN ROBERTSON,4416.8980036,98.1532889688889,300.1325,6.669611111111111,19.052222222222223,0.0,0.4736111111111111,Kevin Robertson,CAN,Male,3:38.33|8:24.37|8:33.88,1500m|3000m Steeple,3,4.07705814925375,45,56592626
KEVIN VIEZEE,1659.551408,36.87892017777778,125.23722222222224,2.7830493827160496,16.300555555555555,0.0,0.0,Kevin Viezee,NED,Male,1:47.42,800m,1,4.527870180526118,45,20688835
KIERAN TUNTIVATE,486.8897236,10.819771635555556,32.47027777777778,0.7215617283950618,0.0,0.0,0.0,Kieran Tuntivate,THA,Male,3:36.16|13:16.65,1500m|5000m,2,4.001350967651984,45,26597694
KIRAMI COLLIN YEGO,26.312709,0.5847268666666666,1.2552777777777775,0.027895061728395,0.0,0.0,0.0,Kirami Collin Yego,KEN,Male,13:29.49,5000m,1,2.8623683964530855,45,73487204
KOEN NAERT,274.49,5.28,18.8,0.36,0.0,0.0,0.0,Koen Naert,BEL,Male,1:01:34,Half,1,4.11,52,2770994
KRISTEL VAN DEN BERG,369.3274366,8.20727636888889,28.352222222222224,0.6300493827160494,2.0186111111111114,0.0,0.0,Kristel Van Den Berg,NED,Female,9:49.59,3000m Steeple,1,4.606030218046718,45,26886165
KRISTIAN ULDBJERG HANSEN,1730.5072086,38.45571574666667,128.555,2.856777777777778,39.25694444444444,0.0,4.966666666666667,Kristian Uldbjerg Hansen,DEN,Male,3:38.54,1500m,1,4.4572481187409485,45,83372861
KRISTINA HENDEL,3664.4993668,81.43331926222223,261.66833333333335,5.814851851851852,3.4299999999999997,0.0,0.0,Kristina Hendel,GER,Female,2:30:54,Full,1,4.2843778722521675,45,59060047
KRISTINE EIKREM ENGESET,427.8108522,9.506907826666666,31.53,0.7006666666666667,1.0166666666666666,0.0,0.0,Kristine Eikrem Engeset,NOR,Female,15:20.02,5000m,1,4.422047711673267,45,12012236
KYLE LANGFORD,23.34,0.45,2.35,0.05,52.23,0.0,0.0,Kyle Langford,GBR,Male,1:46.18,800m,1,6.05,52,3943693
LAURA NAGEL,3992.450672,88.72112604444445,310.5238888888889,6.900530864197531,0.0,0.0,0.0,Laura Nagel,NZL,Female,4:06.31,1500m,1,4.666665881184201,45,16604584
LAURA PRIEGO,2651.49,58.922,199.56861111111112,4.4348580246913585,0.0,0.0,0.0,Laura Priego,ESP,Female,32:40.25,10000m,1,4.515995408870736,45,133448894
LAUREN GREGORY,4021.3705118,89.3637891511111,314.24083333333334,6.98312962962963,9.755277777777778,0.0,58.157222222222224,Lauren Gregory,USA,Female,4:10.03|15:17.99,1500m|5000m,2,4.688563250930238,45,37651602
LAUREN HAGANS,2448.9487714,54.421083808888895,188.4963888888889,4.188808641975309,0.0,0.0,0.9294444444444444,Lauren Hagans,USA,Female,2:25:47,Full,1,4.618219648125929,45,54874775
LAUREN HALL,120.3,2.31,13.36,0.26,202.79,0.0,0.0,Lauren Hall,GBR,Female,9:57.05,3000m Steeple,1,6.66,52,199092
LAUREN RYAN,3251.0760142,72.24613364888889,234.45,5.21,0.0,0.0,0.0,Lauren Ryan,AUS,Female,4:08.15|14:57.67|30:35.66,1500m|5000m|10000m,3,4.326875144893068,45,12805279
LEONID LATSEPOV,5847.3115824,129.94025738666667,422.9230555555555,9.39829012345679,6.661944444444444,0.0,0.8936111111111111,Leonid Latsepov,EST,Male,2:13:38,Full,1,4.3396666956677095,45,82077769
LESLIE SEXTON,5422.48,104.28,395.26,7.6,0.0,0.0,0.0,Leslie Sexton,CAN,Female,2:28:14,Full,1,4.37,52,6604642
LEVENTE SZEMEREI,5006.9142344,111.26476076444445,343.5761111111111,7.635024691358025,1.3941666666666666,0.0,3.566666666666667,Levente Szemerei,HUN,Male,2:10:43,Full,1,4.117219848711269,45,26009876
LEVI TAYLOR,2443.8471636,54.30771474666666,174.28444444444443,3.8729876543209873,0.0,0.0,0.0,Levi Taylor,USA,Male,8:30.43,3000m Steeple,1,4.278936433677176,45,45951923
LIAM CASHIN,3996.9890108,88.82197801777778,285.47333333333336,6.343851851851852,0.0,0.0,0.0,Liam Cashin,AUS,Male,8:30.19,3000m Steeple,1,4.285325767401032,45,10206606
LISA ROOMS,2703.1762112,60.07058247111112,206.4525,4.587833333333333,13.676666666666666,0.0,0.0,Lisa Rooms,BEL,Female,15:26.66,5000m,1,4.582442664550184,45,27711874
LOGAN MEASNER,3225.92203,71.68715622222223,223.56166666666667,4.968037037037037,1.75,0.0,0.0,Logan Measner,USA,Male,8:31.79,3000m Steeple,1,4.158098018258674,45,82013388
LORE HOFFMANN,791.634346,17.591874355555557,79.62083333333334,1.7693518518518518,2.3072222222222223,0.0,0.0,Lore Hoffmann,SUI,Female,1:59.26,800m,1,6.034667424599084,45,110793714
LUC LE BARON,4747.2633188,105.49474041777778,340.51472222222225,7.566993827160494,3.9,0.0,10.033333333333331,Luc Le Baron,FRA,Male,3:38.66|8:15.29,1500m|3000m Steeple,2,4.303718155347195,45,25504823
LUCA THOMPSON,1501.4659398,33.365909773333335,152.92027777777778,3.3982283950617287,0.0,0.0,0.0,Luca Thompson,NOR,Male,1:47.11,800m,1,6.110839029681109,45,35428770
LUCAS BONS,3703.09134,82.29091866666667,271.3572222222222,6.03016049382716,0.0,0.0,1.7833333333333334,Lucas Bons,USA,Male,3:35.88,1500m,1,4.396713944769543,45,26662661
LUCAS NIEUWEBOER,4067.2367018,90.38303781777778,276.23333333333335,6.138518518518519,34.18833333333333,0.0,22.83,Lucas Nieuweboer,NED,Male,2:12:45,Full,1,4.075002566893881,45,17931180
LUCIA PINACCHIO,1657.8294142,36.84065364888889,131.685,2.9263333333333335,1.0,0.0,0.0,Lucia Pinacchio,ESP,Female,2:01.16,800m,1,4.765930639379291,45,115067841
LUCIANO FIORE,1880.0953616,41.77989692444445,136.46944444444443,3.032654320987654,0.0,0.0,2.229444444444445,Luciano Fiore,USA,Male,1:46.00,800m,1,4.35518688780678,45,52774592
LUCY REID,209.57,4.657111111111111,18.92,0.4204444444444445,21.889722222222225,0.0,10.55,Lucy Reid,GBR,Female,1:10:30,Half,1,5.4168058405306105,45,10609301
LUDOVIC LE MEUR,960.051777,21.334483933333335,72.88055555555556,1.619567901234568,52.522222222222226,0.0,0.0,Ludovic Le Meur,FRA,Male,1:46.41,800m,1,4.554789062520879,45,141766603
LUIS MIGUEL MASABANDA,829.1480614,18.425512475555553,59.83444444444444,1.3296543209876543,0.1358333333333333,0.0,0.0,Luis Miguel Masabanda,ECU,Male,1:02:00,Half,1,4.329825798066645,45,20228908
LUKE MCCANN,376.6338402,8.369640893333333,26.17861111111111,0.5817469135802469,0.0,0.0,0.0,Luke Mccann,IRL,Male,1:45.33|3:33.66,800m|1500m,2,4.170407698449468,45,36760710
MADELEINE KELLY,47.958332,1.065740711111111,6.341666666666667,0.1409259259259259,0.0,0.0,24.804166666666667,Madeleine Kelly,CAN,Female,2:00.93,800m,1,7.933970681048708,45,23741845
MADISON NEUNER,2097.3240748,46.60720166222222,165.9438888888889,3.687641975308642,10.504166666666666,0.0,3.876388888888889,Madison Neuner,USA,Female,9:48.82,3000m Steeple,1,4.747303219833966,45,53485505
MAHADI ABDI ALI,590.9335546,13.131856768888888,41.41916666666667,0.920425925925926,0.0,0.0,0.0,Mahadi Abdi Ali,NED,Male,3:36.82|13:15.59,1500m|5000m,2,4.205464354925971,45,44196401
MALINDI ELMORE,3464.4,66.62,260.74,5.01,0.0,0.0,0.0,Malindi Elmore,CAN,Female,2:31:08,Full,1,4.52,52,1861424
MARC TORTELL,297.245098,6.605446622222222,20.004166666666663,0.444537037037037,0.0,0.0,0.0,Marc Tortell,GER,Male,1:46.74|3:36.88,800m|1500m,2,4.0379135201079075,45,23093206
MARCEL TOBLER,2519.582704,55.99072675555555,183.58,4.079555555555556,0.0,0.0,0.0,Marcel Tobler,AUT,Male,3:39.51,1500m,1,4.371676302791449,45,23188755
MARCELLA HERZOG,3461.9478344,76.93217409777778,253.79111111111112,5.639802469135803,9.983333333333334,0.0,7.156944444444444,Marcella Herzog,NED,Female,2:33:10,Full,1,4.398525741883625,45,8820965
MARCO AROP,260.793547,5.795412155555555,16.59638888888889,0.3688086419753086,0.0,0.0,0.0,Marco Arop,CAN,Male,1:41.20,800m,1,3.818282103940759,45,98279354
MARCO LANGON,5343.4755086,118.7439001911111,367.50888888888886,8.166864197530863,0.0,0.0,0.0,Marco Langon,USA,Male,13:28.44,5000m,1,4.1266275662430445,45,51901865
MARIO GARCÍA ROMO,252.1513912,5.603364248888889,18.96611111111111,0.4214691358024691,5.13,0.0,6.283333333333333,,,,,,0,4.513029498869831,45,0
MARISA HOWARD,2657.9376638,59.065281417777776,209.54444444444445,4.656543209876544,1.0166666666666666,0.0,2.151944444444444,Marisa Howard,USA,Female,9:07.14,3000m Steeple,1,4.73023383426223,45,43684184
MARISKA PAREWYCK,13.2126814,0.2936151422222222,1.1144444444444446,0.0247654320987654,0.0,0.0,0.0,Mariska Parewyck,BEL,Female,2:02.74|4:08.46,800m|1500m,2,5.0607945989423975,45,40806845
MARISSA DAMINK,294.7345276,6.549656168888888,24.220555555555556,0.5382345679012346,1.7527777777777778,0.0,0.0,Marissa Damink,NED,Female,2:01.42|4:04.37,800m|1500m,2,4.930651814590227,45,18196031
MARK PEARCE,2132.81,41.02,148.5,2.86,0.0,0.0,0.0,Mark Pearce,GBR,Male,8:20.83,3000m Steeple,1,4.18,52,2461878
MASON COHEN,951.0072862,21.133495248888888,76.85222222222222,1.707827160493827,37.11194444444445,0.0,8.455277777777777,Mason Cohen,AUS,Male,1:46.92,800m,1,4.848683496167869,45,107895910
MATEUSZ BORKOWSKI,71.1650148,1.5814447733333332,7.405833333333334,0.1645740740740741,27.19222222222222,0.0,0.0,Mateusz Borkowski,POL,Male,1:45.27,800m,1,6.243938840577604,45,15305175
MATT WISNER,23.9147924,0.5314398311111111,1.475,0.0327777777777777,0.0,0.0,0.0,Matt Wisner,USA,Male,1:46.09|3:36.45,800m|1500m,2,3.700638438324892,45,23205296
MATTHEW BEAUDET,3676.1670818,81.69260181777777,251.9947222222222,5.5998827160493825,7.198055555555555,0.0,17.810277777777777,Matthew Beaudet,CAN,Male,3:37.35,1500m,1,4.112893401441951,45,24359631
MATTHEW RICHTMAN,2965.9170596,65.90926799111111,215.9438888888889,4.798753086419753,4.411111111111111,0.0,13.975,Matthew Richtman,USA,Male,2:10:47,Full,1,4.368508313944806,45,40483545
MATTHIAS KYBURZ,3874.0676216,86.09039159111111,261.9686111111111,5.821524691358024,6.865277777777777,0.0,1.6333333333333333,Matthias Kyburz,SUI,Male,2:07:44,Full,1,4.05726440577076,45,18143228
MAX DAVIES,1445.24,27.79,155.42,2.99,0.86,0.0,0.0,Max Davies,CAN,Male,3:39.80,1500m,1,6.45,52,5181205
MAËL GOUYETTE,129.37,2.874888888888889,8.677222222222223,0.1928271604938271,0.0,0.0,0.0,Maël Gouyette,FRA,Male,3:32.67,1500m,1,4.024374532993225,45,69886154
MEHDI KADRI,2088.3922378,46.40871639555556,153.7475,3.416611111111111,0.0,0.0,0.0,Mehdi Kadri,FRA,Male,8:31.49,3000m Steeple,1,4.41720182302432,45,71517556
MEKDES WOLDU,694.43021,15.431782444444444,55.49805555555555,1.23329012345679,1.0,0.0,0.0,Mekdes Woldu,FRA,Female,1:10:04|2:29:20,Half|Full,2,4.795130288662604,45,30197343
MELISSA TANAKA,125.7538276,2.7945295022222223,10.073333333333334,0.2238518518518518,0.0,0.0,0.0,Melissa Tanaka,USA,Female,4:12.72,1500m,1,4.806215536615603,45,23571791
MEREDITH RIZZO,1646.113419,36.5802982,136.80444444444444,3.0400987654320986,7.714166666666666,0.0,12.045277777777777,Meredith Rizzo,USA,Female,9:57.52,3000m Steeple,1,4.986452678122944,45,40609729
MICHAEL SOMERS,1262.044428,28.04543173333333,82.73277777777778,1.8385061728395065,0.0,0.0,3.9,Michael Somers,BEL,Male,2:09:19,Full,1,3.933274103934055,45,113818641
MICHAELA MEYER,405.87,9.019333333333334,44.07666666666667,0.9794814814814816,0.0,0.0,20.62555555555555,Michaela Meyer,USA,Female,2:01.61,800m,1,6.5158794687954265,45,49179005
MICHAELA OOSTHUIZEN,168.78,3.7506666666666666,13.296944444444444,0.2954876543209876,0.0,0.0,0.0,Michaela Oosthuizen,RSA,Female,2:03.54,800m,1,4.726962120314413,45,86896701
MIKE FOPPEN,1332.58,25.63,81.14,1.56,0.0,0.0,0.0,Mike Foppen,NED,Male,3:36.32|13:08.60,1500m|5000m,2,3.65,52,4882648
MILITSA MIRCHEVA,128.666733,2.859260733333333,9.167777777777776,0.2037283950617283,0.0,0.0,0.0,Militsa Mircheva,BUL,Female,2:32:03,Full,1,4.275127329662335,45,33977163
MIN LIU,387.5773522,8.612830048888888,40.74444444444445,0.9054320987654322,4.016666666666667,0.0,60.170833333333334,Min Liu,CHN,Female,1:09:50|2:29:24,Half|Full,2,6.3075580985061155,45,29372219
MOLLY GRABILL,4489.7206386,99.77156974666666,350.2536111111111,7.783413580246914,0.0,0.0,0.0,Molly Grabill,USA,Female,2:30:16,Full,1,4.680740375245197,45,83232940
MORGAN BEADLESCOMB,4351.8806676,96.70845928,332.0336111111111,7.378524691358025,0.0,0.0,0.0,Morgan Beadlescomb,USA,Male,3:35.84|13:03.57,1500m|5000m,2,4.577794794555654,45,50044591
MORGAN MITCHELL,974.8094248,21.66243166222222,129.76722222222222,2.883716049382716,0.0,0.0,27.31722222222222,Morgan Mitchell,AUS,Female,2:03.43,800m,1,7.987236412830929,45,20077578
MORGAN PEARSON,596.1800029999999,13.24844451111111,39.783611111111114,0.8840802469135803,26.701944444444443,0.0,0.0,Morgan Pearson,USA,Male,1:01:08,Half,1,4.003852283966436,45,40048824
MYKOLA NYZHNYK,4763.7107736,105.86023941333332,343.785,7.639666666666667,1.2833333333333334,0.0,0.0,Mykola Nyzhnyk,UKR,Male,2:13:13,Full,1,4.3300487750669685,45,26188193
MÉLINE ROLLIN,462.4760358,10.27724524,35.87777777777778,0.797283950617284,43.11666666666667,0.0,0.0,Méline Rollin,FRA,Female,2:24:12,Full,1,4.6546555930037385,45,46478486
NAOKI AIBA,70.328158,1.5628479555555557,3.8333333333333335,0.0851851851851851,0.0,0.0,0.0,Naoki Aiba,JPN,Male,2:10:28,Full,1,3.270382824472667,45,74286940
NATASHA WODAK,3935.7053436,87.46011874666667,291.3536111111111,6.474524691358024,2.926944444444445,0.0,18.054166666666667,Natasha Wodak,CAN,Female,1:11:21|2:27:54,Half|Full,2,4.441698536983602,45,7814602
NATHAN MARTIN,49.567672,1.1015038222222222,6.119166666666667,0.1359814814814814,0.0,0.0,0.0,Nathan Martin,USA,Male,2:11:00,Full,1,7.407045463018719,45,25871837
NICK DAHL,4962.0297418,110.26732759555556,338.8886111111111,7.530858024691359,0.0,0.0,0.0,Nick Dahl,USA,Male,3:38.46,1500m,1,4.0977821022271135,45,50043425
NICK FOSTER,2362.2858124,52.49524027555555,191.78305555555556,4.261845679012346,6.2524999999999995,0.0,0.0,Nick Foster,USA,Male,3:38.82,1500m,1,4.871122398877992,45,21148731
NICO BOKETTA,757.8,16.84,55.25277777777778,1.2278395061728395,0.0,0.0,0.0,Nico Boketta,CZE,Male,1:46.74|3:37.28,800m|1500m,2,4.374725081375914,45,81785282
NICOLAS NAVARRO,5185.57,99.72,375.07,7.21,57.86,0.0,0.0,Nicolas Navarro,FRA,Male,2:09:56,Full,1,4.34,52,2966441
NIELS LAROS,14.387499599999998,0.3197222133333333,0.6858333333333333,0.0152407407407407,0.0,0.0,0.0,Niels Laros,NED,Male,1:46.04|3:29.54,800m|1500m,2,2.8601217128791445,45,29900318
NILS VOIGT,2465.1387318,54.78086070666667,162.6025,3.6133888888888888,0.1502777777777778,0.0,0.0,Nils Voigt,GER,Male,27:41.92,10000m,1,3.957647443588797,45,18934439
NOAH BALTUS,1784.7741534,39.661647853333335,132.23583333333335,2.9385740740740744,18.97861111111111,0.0,9.057777777777778,Noah Baltus,NED,Male,3:34.66,1500m,1,4.445464421862801,45,33082169
NOAH SCHUTTE,5747.0,110.52,393.41,7.57,59.65,0.0,0.0,Noah Schutte,NED,Male,27:58.80,10000m,1,4.11,52,1019940
OLE HESSELBJERG,3481.6944362,77.3709874711111,237.15166666666667,5.270037037037037,0.0,0.0,0.0,Ole Hesselbjerg,DEN,Male,8:25.58,3000m Steeple,1,4.086831932192752,45,18305409
OLE JAKOB SOLBU,2206.7431014,49.03873558666666,218.0536111111111,4.845635802469136,0.0,0.0,0.7036111111111111,Ole Jakob Solbu,NOR,Male,1:45.55,800m,1,5.928744790622173,45,34827695
OLGA NYZHNYK,5115.4481240000005,113.6766249777778,379.7836111111111,8.439635802469136,0.0,0.0,3.814166666666667,Olga Nyzhnyk,UKR,Female,2:31:24,Full,1,4.454549457701951,45,59301037
OLIN HACKER,3899.7848748,86.66188610666667,297.6638888888889,6.6147530864197535,14.698888888888888,0.0,0.0,Olin Hacker,USA,Male,3:36.43|13:08.76,1500m|5000m,2,4.579697061943518,45,26841392
OLIVIA BAKER,311.8579052,6.930175671111111,28.308055555555555,0.6290679012345679,0.0,0.0,7.5744444444444445,Olivia Baker,USA,Female,1:58.95,800m,1,5.446337274163584,45,89673875
OLIVIA MARKEZICH,3624.475081,80.5438906888889,273.47333333333336,6.0771851851851855,1.2908333333333333,0.0,0.0,Olivia Markezich,USA,Female,4:07.43|9:14.67|15:23.14,1500m|3000m Steeple|5000m,3,4.527110721774611,45,63449551
OLIVIER DESMEULES,2136.8172784,47.48482840888889,166.40722222222223,3.6979382716049383,0.0,0.0,2.285,Olivier Desmeules,CAN,Male,1:47.40,800m,1,4.672572350598667,45,26104963
OSAMA ZOGHLAMI,3990.841332,88.68536293333334,267.9713888888889,5.95491975308642,4.183333333333334,0.0,0.0,Osama Zoghlami,ITA,Male,8:19.54,3000m Steeple,1,4.028795433286681,45,109059136
PARKER STOKES,3304.699223,73.43776051111111,234.45555555555555,5.210123456790123,0.0,0.0,7.95,Parker Stokes,USA,Male,8:24.58,3000m Steeple,1,4.256766617496594,45,58499394
PARKER WOLFE,5.9384646,0.1319658799999999,0.32,0.0071111111111111,0.0,0.0,0.0,Parker Wolfe,USA,Male,3:36.25|13:10.75,1500m|5000m,2,3.2331589549258237,45,48545297
PARUL CHAUDHARY,4.2486576000000005,0.0944146133333333,0.7769444444444444,0.0172654320987654,0.0,0.0,25.15416666666667,Parul Chaudhary,IND,Female,9:23.39|15:10.68|32:02.08,3000m Steeple|5000m|10000m,3,10.972093083393366,45,27786043
PATRICK KIPROP,995.8756854,22.130570786666667,65.80833333333334,1.4624074074074076,0.0,0.0,1.4166666666666667,Patrick Kiprop,KEN,Male,13:27.55|28:14.77,5000m|10000m,2,3.964852298220394,45,75222533
PAULO ROBERTO PAULA,1097.2801988,24.384004417777778,67.25777777777778,1.494617283950617,0.0,0.0,0.0,Paulo Roberto Paula,BRA,Male,2:13:11,Full,1,3.677699343412837,45,95919245
PEDRO GOMEZ,2661.1724372,59.13716527111111,231.44833333333332,5.143296296296296,93.46166666666667,0.0,33.47944444444445,Pedro Gomez,ARG,Male,2:10:39,Full,1,5.218339032028811,45,24304109
PETER HERZOG,892.3951234,19.83100274222222,57.70666666666666,1.2823703703703704,4.683333333333334,0.0,2.716666666666667,Peter Herzog,AUT,Male,2:12:08,Full,1,3.879895697780546,45,17046618
PETER LYNCH,3646.9414674,81.04314372,253.67333333333335,5.637185185185185,17.39888888888889,0.0,0.0,Peter Lynch,IRL,Male,27:49.30,10000m,1,4.173469779006632,45,25760238
PETER SMITH,2283.5408062,50.745351248888895,224.80166666666668,4.995592592592593,57.43333333333333,0.0,6.509722222222222,Peter Smith,USA,Male,3:39.23,1500m,1,5.906660377330987,45,37674562
PIETER SISK,1162.8929906,25.84206645777778,78.2286111111111,1.7384135802469134,0.0,0.0,27.639722222222225,Pieter Sisk,BEL,Male,1:43.48|3:36.57,800m|1500m,2,4.036241257456476,45,28540939
QUENTIN TISON,9.334172,0.2074260444444444,0.8036111111111112,0.017858024691358,1.4666666666666666,0.0,0.0,Quentin Tison,FRA,Male,3:37.12,1500m,1,5.165607261861755,45,48696680
RACHEL SMITH,2029.7478882,45.10550862666667,275.2736111111111,6.117191358024692,3.0102777777777776,0.0,34.431666666666665,Rachel Smith,USA,Female,4:11.28|15:03.24|31:04.02,1500m|5000m|10000m,3,8.137176426040568,45,19848564
RAPHAEL PALLITSCH,601.2655174,13.361455942222223,40.852222222222224,0.9078271604938272,10.26361111111111,0.0,0.0,Raphael Pallitsch,AUT,Male,3:33.59,1500m,1,4.076623824916079,45,17172793
REBECCA BASSETT,823.901613,18.308924733333335,88.9486111111111,1.9766358024691355,0.0,0.0,4.608611111111111,Rebecca Bassett,CAN,Female,15:32.42,5000m,1,6.477614053010315,45,53421784
REBECCA MEHRA,2115.7027376,47.01561639111112,164.29333333333332,3.6509629629629625,0.0,0.0,15.232500000000002,Rebecca Mehra,USA,Female,4:12.56,1500m,1,4.659255681250482,45,26047857
REED FISCHER,4652.5375664,103.38972369777778,317.2894444444444,7.050876543209876,2.3730555555555553,0.0,16.115000000000002,Reed Fischer,USA,Male,1:01:58|2:10:14,Half|Full,2,4.091824385073634,45,22433281
REGAN YEE,3874.3573028,86.0968289511111,317.12916666666666,7.047314814814815,2.1825,0.0,0.4616666666666666,Regan Yee,CAN,Female,4:07.80|9:26.12|15:01.84,1500m|3000m Steeple|5000m,3,4.911201655626505,45,11328161
REMYO TIELSEMA,6284.43,120.85,413.76,7.96,2.68,0.0,0.0,Remyo Tielsema,NED,Male,2:12:42,Full,1,3.95,52,7075179
RICHARD RINGER,315.8490684,7.018868186666667,17.140555555555554,0.3809012345679012,7.073611111111111,0.0,0.0,Richard Ringer,GER,Male,1:02:01|2:09:18,Half|Full,2,3.2560910771181906,45,13557908
RILEY FLEMINGTON,3490.9159544,77.57591009777778,265.0233333333333,5.889407407407407,18.666666666666668,0.0,2.8925,Riley Flemington,CAN,Male,3:40.52,1500m,1,4.5550795859057125,45,54943881
ROB MCMANUS,469.6697856,10.437106346666669,41.84861111111111,0.9299691358024692,9.001944444444444,0.0,19.22861111111111,Rob Mcmanus,USA,Male,8:29.58,3000m Steeple,1,5.346131992414601,45,19061864
ROB NAPOLITANO,417.784664,9.284103644444444,28.344444444444445,0.6298765432098765,0.0,0.0,0.0,Rob Napolitano,PUR,Male,3:37.33,1500m,1,4.070677583959058,45,38389393
ROBIN OESTER,1005.3868848,22.34193077333333,81.38333333333334,1.8085185185185184,5.383333333333334,0.0,0.0,Robin Oester,SUI,Male,1:46.57,800m,1,4.85683677977495,45,47414877
ROBIN VAN RIEL,3358.43,64.59,269.45,5.18,64.9,0.0,0.0,Robin Van Riel,NED,Male,3:36.09,1500m,1,4.81,52,7320900
ROMAIN LEGENDRE,5600.905535,124.46456744444444,380.9830555555555,8.46629012345679,2.1402777777777775,0.0,0.6105555555555555,Romain Legendre,FRA,Male,3:38.40|13:16.53,1500m|5000m,2,4.081301352163107,45,39092505
ROMAIN MORNET,4055.0057178,90.11123817333332,316.15,7.025555555555555,20.33222222222222,0.0,4.501944444444444,Romain Mornet,FRA,Male,3:33.98,1500m,1,4.677921887195619,45,44368138
RORY LEONARD,4219.1583978,93.75907550666666,281.2863888888889,6.250808641975309,0.1836111111111111,0.0,0.0,Rory Leonard,GBR,Male,13:29.54|27:38.39,5000m|10000m,2,4.000130296633002,45,19686000
RORY LINKLETTER,5968.9133128,132.64251806222222,412.0469444444444,9.1565987654321,0.0,0.0,2.166666666666667,Rory Linkletter,CAN,Male,1:01:02|2:08:01,Half|Full,2,4.141929254299936,45,9351341
ROSE DAVIES,5026.934424,111.70965386666668,360.97777777777776,8.021728395061729,0.0,0.0,0.0,Rose Davies,AUS,Female,4:06.33|14:41.65,1500m|5000m,2,4.308523811900567,45,33721882
ROXANE CLEPPE,3398.362811,75.51917357777778,242.63805555555555,5.391956790123457,0.0,0.0,0.0,Roxane Cleppe,BEL,Female,1:10:39,Half,1,4.28391085442976,45,43853389
ROY HOORNWEG,1836.659275,40.81465055555555,139.83777777777777,3.107506172839506,27.004166666666663,0.0,0.0,Roy Hoornweg,NED,Male,2:13:00,Full,1,4.568221651599841,45,36474939
RUBEN VERHEYDEN,2707.1995612,60.15999024888889,186.42027777777776,4.142672839506173,66.43333333333334,0.0,0.0,Ruben Verheyden,BEL,Male,1:45.69|3:33.40,800m|1500m,2,4.13165576227734,45,33020384
RUKEN TEK,1357.1886088,30.15974686222222,94.53861111111112,2.100858024691358,0.0,0.0,0.0,Ruken Tek,TUR,Female,9:38.94,3000m Steeple,1,4.179460857457403,45,109555080
RYAN CLARKE,2546.61,48.97,259.91,5.0,0.0,0.0,0.0,Ryan Clarke,NED,Male,1:44.70,800m,1,6.12,52,4298711
RYAN ELSTON,578.4289828,12.853977395555557,42.569722222222225,0.9459938271604938,0.0,0.0,0.0,Ryan Elston,GBR,Male,1:47.44,800m,1,4.415725022922094,45,24411013
RYAN FORD,5408.8951796,120.19767065777778,372.615,8.280333333333333,0.0,0.0,0.0,Ryan Ford,USA,Male,13:30.68|27:40.80,5000m|10000m,2,4.133357970093505,45,30804228
RYOJI TATEZAWA,3687.0945004,81.93543334222223,257.35027777777776,5.718895061728395,0.0,0.0,0.0141666666666666,Ryoji Tatezawa,JPN,Male,3:36.68,1500m,1,4.187854871902937,45,114820846
RYU TAKAKU,370.4056944,8.231237653333334,19.335277777777776,0.4296728395061728,0.0,0.0,0.0,Ryu Takaku,JPN,Male,2:10:52,Full,1,3.132016284322724,45,59722793
RÉMI SCHYNS,1249.6203232,27.769340515555555,89.96722222222222,1.9992716049382715,4.9383333333333335,0.0,0.0,Rémi Schyns,BEL,Male,8:18.95,3000m Steeple,1,4.319738750335117,45,23384343
SADIE ENGELHARDT,65.1943634,1.4487636311111112,5.193888888888889,0.1154197530864197,0.0,0.0,0.0361111111111111,Sadie Engelhardt,USA,Female,4:08.86,1500m,1,4.780065592807572,45,47153030
SAGE HURTA-KLECKER,3729.1143678,82.86920817333333,284.03805555555556,6.311956790123457,6.667222222222222,0.0,0.0,Sage Hurta-Klecker,USA,Female,1:57.53|4:02.83,800m|1500m,2,4.570061857176955,45,59215429
SAID MECHAAL,370.7,7.13,28.48,0.55,0.0,0.0,0.0,Said Mechaal,ESP,Male,13:27.43,5000m,1,4.61,52,5797327
SALIM KEDDAR,279.49,6.210888888888889,18.0975,0.4021666666666667,0.0,0.0,0.0,Salim Keddar,ALG,Male,3:40.02,1500m,1,3.8851121685927934,45,99038751
SAM GILMAN,4213.9441362,93.64320302666668,300.77194444444444,6.683820987654321,1.8075,0.0,0.0,Sam Gilman,USA,Male,3:35.40,1500m,1,4.282523945118138,45,16448458
SAM MCENTEE,3860.94,74.25,276.16,5.31,2.59,0.0,0.0,Sam Mcentee,AUS,Male,13:25.62,5000m,1,4.29,52,1617780
SAM PARSONS,2517.8768036,55.95281785777778,177.5775,3.946166666666666,5.4366666666666665,0.0,5.315277777777778,Sam Parsons,GER,Male,3:38.65|13:19.70,1500m|5000m,2,4.231601000003748,45,54176296
SAMUEL AUSTIN,0.0,0.0,0.0,0.0,0.0,0.0,1.9166666666666667,Samuel Austin,USA,Male,1:46.80,800m,1,,45,8140136
SAMUEL BARATA,5631.4508082,125.14335129333334,383.19194444444446,8.515376543209877,12.7,0.0,0.0,Samuel Barata,POR,Male,27:48.62|1:02:01|2:13:23,10000m|Half|Full,3,4.082698659675502,45,13506056
SAMUEL CHAPPLE,2341.5897,52.03532666666667,178.5936111111111,3.968746913580247,35.46805555555556,0.0,0.0,Samuel Chapple,NED,Male,1:45.34|3:40.50,800m|1500m,2,4.576214469454946,45,29184441
SAMUEL TANNER,123.94,2.38,17.19,0.33,0.0,0.0,0.0,Samuel Tanner,NZL,Male,1:46.14|3:35.52,800m|1500m,2,8.32,52,3593920
SARAH BILLINGS,296.9715102,6.599366893333333,22.102777777777774,0.4911728395061728,0.0,0.0,0.0,Sarah Billings,AUS,Female,1:58.94|3:59.59,800m|1500m,2,4.465635999135202,45,42578650
SARAH CALVERT,2044.7952172,45.43989371555555,156.65305555555557,3.481179012345679,57.17388888888889,0.0,0.0,Sarah Calvert,GBR,Female,4:12.22,1500m,1,4.596637968570721,45,35983960
SARAH HEALY,558.5697272,12.412660604444444,53.06638888888889,1.179253086419753,0.7677777777777778,0.0,3.25,Sarah Healy,IRL,Female,2:00.86|3:57.46,800m|1500m,2,5.700243279015521,45,26914590
SARAH KLEIN,4624.5672372,102.76816082666666,320.08666666666664,7.113037037037037,0.0,0.0,0.0,Sarah Klein,AUS,Female,2:31:05,Full,1,4.152864260576308,45,55255852
SARAH MADELEINE,2720.7180172,60.46040038222222,208.25583333333333,4.627907407407407,1.8166666666666669,0.0,0.0,Sarah Madeleine,FRA,Female,15:02.56,5000m,1,4.592666318599039,45,48797626
SARAH MCDONALD,534.5100942,11.878002093333334,48.14472222222222,1.069882716049383,0.0,0.0,0.0,Sarah Mcdonald,GBR,Female,4:05.32,1500m,1,5.404356932972087,45,41804724
SARAH SELLERS,2652.5302814,58.94511736444445,204.98,4.555111111111111,35.174166666666665,0.0,45.62222222222222,Sarah Sellers,USA,Female,2:30:17,Full,1,4.636629442552007,45,44215632
SAVANNAH BERRY,2879.0770732,63.979490515555554,219.90694444444443,4.886820987654321,9.345833333333331,0.0,0.0,Savannah Berry,USA,Female,2:29:17,Full,1,4.5828633034827035,45,23078070
SAVANNAH SHAW,2067.68,45.94844444444444,153.92138888888888,3.4204753086419752,0.0,0.0,3.410555555555556,Savannah Shaw,USA,Female,15:29.61,5000m,1,4.466495460290439,45,132478746
SCOTT BEATTIE,5706.4621455999995,126.81026990222222,390.1908333333334,8.670907407407407,0.0,0.0,0.0,Scott Beattie,GBR,Male,3:39.71|13:19.41,1500m|5000m,2,4.102620748663256,45,18931477
SEAN DOLAN,2949.517885,65.54484188888888,210.5125,4.678055555555555,1.6730555555555555,0.0,0.0,Sean Dolan,USA,Male,1:45.83,800m,1,4.28231002233777,45,40390930
SEAN DONOGHUE,5116.0274864,113.6894996977778,362.8225,8.062722222222222,0.0,0.0,1.0,Sean Donoghue,IRL,Male,3:39.96,1500m,1,4.255127646962362,45,28707348
SEBASTIAN FERNANDEZ,14.6771808,0.3261595733333333,1.0975,0.0243888888888888,0.0,0.0,0.0,Sebastian Fernandez,USA,Male,1:46.32,800m,1,4.48655643732344,45,68982579
SEBASTIAN HENDEL,5257.1183242,116.82485164888888,343.3038888888889,7.628975308641975,13.255833333333332,0.0,0.0,Sebastian Hendel,GER,Male,2:07:33,Full,1,3.91816049460288,45,42139655
SHANE BRACKEN,1975.1751688,43.89278152888889,145.79305555555555,3.2398456790123458,0.0,0.0,0.0,Shane Bracken,IRL,Male,3:36.94,1500m,1,4.428763317558235,45,26985879
SHANE COHEN,2723.727483,60.5272774,188.47083333333333,4.18824074074074,6.508055555555556,0.0,0.0,Shane Cohen,USA,Male,1:44.65,800m,1,4.151755295116652,45,50765671
SHANE STREICH,3711.0092928,82.46687317333333,272.8488888888889,6.063308641975309,0.0,0.0,4.883333333333334,Shane Streich,USA,Male,1:46.91|3:40.20,800m|1500m,2,4.411450374186822,45,61783860
SHEILA CHEPKIRUI,14.162192,0.3147153777777778,2.053055555555556,0.0456234567901234,0.0,0.0,0.0,Sheila Chepkirui,KEN,Female,1:06:47|2:19:31,Half|Full,2,8.698041470793035,45,70760138
SHOGO NAKAMURA,1280.7449588,28.46099908444444,150.93333333333334,3.354074074074074,0.0,0.0,0.0,Shogo Nakamura,JPN,Male,28:16.20,10000m,1,7.070884751703463,45,32294430
SHUHEI YAMAMOTO,2030.8744262,45.130542804444445,170.15472222222223,3.781216049382716,107.87666666666668,0.0,1.8333333333333333,Shuhei Yamamoto,JPN,Male,1:02:09,Half,1,5.027038206609396,45,42631475
SIGURD TVEIT,2793.5406522,62.078681159999995,224.91361111111112,4.99808024691358,4.133333333333333,0.0,0.0,Sigurd Tveit,NOR,Male,1:46.70|3:38.73,800m|1500m,2,4.830721420158708,45,21295355
SILAS TOO,358.3678312,7.963729582222222,32.785833333333336,0.7285740740740742,0.0,0.0,0.0,Silas Too,KEN,Male,2:08:38,Full,1,5.489192468567754,45,31658147
SILKE JONKMAN,2155.0028204,47.88895156444445,158.1225,3.513833333333334,15.6,0.0,9.183333333333334,Silke Jonkman,NED,Female,32:38.73,10000m,1,4.402476836776951,45,23254495
SILVIA OGGIONI,1418.1825948,31.515168773333336,107.09305555555557,2.3798456790123454,10.756666666666668,0.0,0.0,Silvia Oggioni,ITA,Female,9:56.74,3000m Steeple,1,4.530857561567736,45,36042703
SIMON DEBOGNIES,437.418612,9.7204136,26.685555555555556,0.5930123456790124,0.0,0.0,0.0,Simon Debognies,BEL,Male,1:01:25,Half,1,3.660414279155853,45,40701290
SIMON MWANGI,255.9816204,5.688480453333333,33.806666666666665,0.7512592592592592,0.0,0.0,1.6177777777777778,Simon Mwangi,KEN,Male,1:00:43,Half,1,7.924006406516208,45,37868862
SONDRE NORDSTAD MOEN,42.3739222,0.9416427155555556,2.183333333333333,0.0485185185185185,0.0,0.0,0.0,Sondre Nordstad Moen,NOR,Male,1:00:11|2:11:39,Half|Full,2,3.0915240600503107,45,14983457
SOPHIE NOVAK,3251.1242944,72.24720654222223,248.9813888888889,5.53291975308642,0.0,0.0,0.0,Sophie Novak,USA,Female,9:40.54,3000m Steeple,1,4.594989911356289,45,124968948
SOPHIE O'SULLIVAN,3511.3867592,78.03081687111111,258.33472222222224,5.740771604938272,44.26277777777778,0.0,0.3802777777777777,Sophie O'Sullivan,IRL,Female,2:00.28|4:00.23,800m|1500m,2,4.414234146301993,45,10444014
STAN NIESTEN,2693.5845448,59.857434328888885,172.90972222222223,3.8424382716049386,116.2538888888889,0.0,0.0,Stan Niesten,NED,Male,1:02:09|2:10:10,Half|Full,2,3.8515900135236527,45,11157470
STEFAN NILLESSEN,626.0010732000001,13.911134960000002,46.30388888888889,1.0289753086419753,0.0,0.0,0.0,Stefan Nillessen,NED,Male,3:30.75,1500m,1,4.43806480894917,45,93170673
STEPHEN EVANS,76.7,1.48,9.87,0.19,0.0,0.0,0.0,Stephen Evans,CAN,Male,1:47.39,800m,1,7.72,52,3941512
SVETLANA APLACHKINA,3856.2361344,85.69413632,312.1802777777778,6.93733950617284,16.47361111111111,0.0,2.522777777777778,Svetlana Aplachkina,RUS,Female,2:03.08|4:02.71|15:18.81,800m|1500m|5000m,3,4.857279485448584,45,29862838
SYDNEY STEELY,1542.8903514,34.28645225333334,134.9363888888889,2.9985864197530865,0.5255555555555556,0.0,5.656666666666666,Sydney Steely,USA,Female,2:02.19,800m,1,5.247413288952747,45,27064583
TAI DINGER,4525.5606404,100.5680142311111,328.3588888888889,7.296864197530864,1.25,0.0,0.0,Tai Dinger,USA,Male,13:23.34,5000m,1,4.3533906401466265,45,17175025
TAKASHI SOMA,1262.8008178,28.062240395555555,117.8472222222222,2.618827160493827,0.0,0.0,30.854444444444447,Takashi Soma,JPN,Male,1:01:53|2:10:46,Half|Full,2,5.5993259060853715,45,68238567
TANJA SPILL,2158.4629014,47.965842253333335,174.74805555555557,3.8832901234567903,40.105555555555554,0.0,14.268055555555556,Tanja Spill,GER,Female,2:02.92,800m,1,4.857569396505603,45,34058082
TANNER MAIER,2966.5286088,65.92285797333332,216.72305555555556,4.816067901234568,2.7405555555555554,0.0,1.0813888888888887,Tanner Maier,USA,Male,3:37.82,1500m,1,4.383366907286755,45,28193745
TEBELLO RAMAKONGOANA,3969.0830552,88.2018456711111,280.2636111111111,6.2280802469135805,0.0,0.0,0.0,Tebello Ramakongoana,LES,Male,1:00:17|2:07:58,Half|Full,2,4.23670062651771,45,134237562
THOMAS BRIDGER,3925.0,75.48,285.99,5.5,5.0,0.0,0.0,Thomas Bridger,GBR,Male,3:40.34,1500m,1,4.37,52,45537525
THOMAS DE BOCK,1746.9546634,38.821214742222224,109.53583333333331,2.4341296296296298,0.0,0.0,4.7,Thomas De Bock,BEL,Male,2:10:45,Full,1,3.762060995451933,45,52304194
THOMAS PIQUART,2989.2846764,66.42854836444445,218.21694444444444,4.849265432098766,2.874722222222222,0.0,0.0,Thomas Piquart,FRA,Male,3:37.16,1500m,1,4.379983201343877,45,45191607
TIARNAN CRORKEN,1419.6631876,31.548070835555553,102.45805555555556,2.2768456790123457,0.0,0.0,0.0,Tiarnan Crorken,GBR,Male,1:45.58,800m,1,4.330240712746741,45,19479777
TIM MCINERNEY,637.5078542,14.166841204444443,43.01805555555555,0.9559567901234568,2.1033333333333335,0.0,0.0,Tim Mcinerney,USA,Male,1:46.63,800m,1,4.048708288578342,45,24687367
TIM VINCENT,675.9871736,15.02193719111111,42.22805555555556,0.9384012345679013,0.0,0.0,0.0,Tim Vincent,AUS,Male,1:02:01|2:09:40,Half|Full,2,3.7481233850046136,45,41839883
TIMO BENITZ,2590.4097574,57.56466127555556,189.20361111111112,4.204524691358025,2.6552777777777776,0.0,0.0,Timo Benitz,GER,Male,3:39.96,1500m,1,4.382401909287475,45,55489425
TINODA MATSATSA,2014.2338506,44.76075223555555,148.00694444444446,3.2890432098765436,1.073888888888889,0.0,0.64,Tinoda Matsatsa,USA,Male,1:45.12,800m,1,4.408831012358059,45,43648976
TOBY GILLEN,5283.4954068,117.41100904,354.53444444444443,7.878543209876543,0.0,0.0,0.0,Toby Gillen,AUS,Male,13:28.81,5000m,1,4.026135167883169,45,7774046
TOM ANDERSON,5351.3612746,118.91913943555556,343.12194444444447,7.624932098765432,0.0,0.0,0.0,Tom Anderson,GBR,Male,1:02:00,Half,1,3.8471176977685024,45,11747326
TOM DODD,2898.6144608,64.41365468444444,214.21694444444444,4.760376543209876,13.65,0.0,0.0,Tom Dodd,GBR,Male,3:38.21,1500m,1,4.4341932466311205,45,36750101
TOM HENDRIKSE,1141.05,21.94,68.29,1.31,5.27,0.0,0.0,Tom Hendrikse,NED,Male,2:11:07,Full,1,3.59,52,6579855
TONY VAN DIEPEN,105.7014512,2.3489211377777774,7.098055555555556,0.1577345679012345,29.011666666666667,0.0,0.2636111111111111,Tony Van Diepen,NED,Male,1:44.85,800m,1,4.029115291213082,45,18055756
TRAVIS MAHONEY,3256.5960504,72.36880112,236.81777777777776,5.262617283950617,5.7252777777777775,0.0,4.0,Travis Mahoney,USA,Male,8:20.91|13:19.09,3000m Steeple|5000m,2,4.363165233502448,45,33180931
TUĞBA GÜVENÇ,3178.8166482,70.64036996,254.00972222222225,5.6446604938271605,0.0,0.0,0.0,Tuğba Güvenç,TUR,Female,9:38.71,3000m Steeple,1,4.794420383435229,45,51425538
TYLER BILYARD,3465.6975966,77.01550214666666,265.68361111111113,5.904080246913581,6.093055555555556,0.0,2.3666666666666667,Tyler Bilyard,GBR,Male,3:38.02,1500m,1,4.599655977574471,45,39319235
TYLER WIRTH,3869.9316178,85.99848039555556,272.6644444444444,6.05920987654321,0.0,0.0,2.23,Tyler Wirth,USA,Male,3:39.58,1500m,1,4.227430425751815,45,49103935
VALENTIN BRESC,1347.3555414,29.941234253333334,100.36194444444445,2.230265432098766,0.5127777777777778,0.0,0.0,Valentin Bresc,FRA,Male,3:39.12|8:27.80,1500m|3000m Steeple,2,4.469285560966089,45,56092465
VANESSA WILSON,3.04,0.0675555555555555,0.2175,0.0048333333333333,0.0,0.0,0.0,Vanessa Wilson,AUS,Female,2:28:34,Full,1,4.292763157894737,45,82773562
VICTOR KIMUTAI,2671.3273726,59.36283050222222,198.28861111111112,4.406413580246914,0.0,0.0,0.0,Victor Kimutai,KEN,Male,13:23.60|28:04.93,5000m|10000m,2,4.453709713267761,45,81506583
VICTOR KIPLIMO,3093.6503754,68.74778612,254.3961111111111,5.653246913580247,0.0,0.0,0.0,Victor Kiplimo,KEN,Male,2:09:58,Full,1,4.93390164190519,45,107990522
VIOLA CHEPNGENO,1165.9990168,25.91108926222222,92.7688888888889,2.061530864197531,0.0,0.0,0.0,Viola Chepngeno,KEN,Female,15:31.17|1:06:43|1:11:28|2:23:23,5000m|Half|Full,4,4.773703282022643,45,113122040
WALEED SULIMAN,3057.8747472,67.95277216,223.4802777777778,4.966228395061728,11.091944444444444,0.0,2.615277777777778,Waleed Suliman,USA,Male,3:33.82,1500m,1,4.3850117402436775,45,40298930
WES FERGUSON,1763.434305,39.187429,124.22194444444445,2.7604876543209875,0.3377777777777778,0.0,14.875555555555556,Wes Ferguson,USA,Male,1:45.06,800m,1,4.2265916260865,45,49565163
WILL BARNICOAT,2626.4750668,58.36611259555555,197.7997222222222,4.395549382716049,0.0,0.0,0.1675,Will Barnicoat,GBR,Male,13:19.66,5000m,1,4.518597371568748,45,24725900
WILLIAM BATTERSHILL,0.0,0.0,0.0,0.0,10.383333333333333,0.0,0.0,William Battershill,GBR,Male,8:21.83,3000m Steeple,1,,45,46695698
YAGO ROJO,4510.4328444,100.23184098666668,291.85583333333335,6.4856851851851856,18.905833333333337,0.0,0.0,Yago Rojo,ESP,Male,2:12:43,Full,1,3.882410093244487,45,19813496
YASEEN ABDALLA,62.0239636,1.3783103022222225,3.283333333333333,0.0729629629629629,0.0,0.0,0.0,Yaseen Abdalla,SUD,Male,2:11:41,Full,1,3.1761917259992716,45,17721663
YASSIN BOUIH,847.8968724,18.84215272,60.04083333333333,1.3342407407407406,0.0,0.0,0.0,Yassin Bouih,ITA,Male,8:18.37,3000m Steeple,1,4.248688864487902,45,23911697
YAZMINE WRIGHT,682.6498412,15.16999647111111,52.52027777777778,1.1671172839506172,0.0,0.0,0.0,Yazmine Wright,USA,Female,4:10.34|15:30.60,1500m|5000m,2,4.616153811926891,45,44564763
YOANN KOWAL,3948.1777286,87.73728285777779,305.895,6.797666666666666,6.904166666666667,0.0,0.9911111111111112,Yoann Kowal,FRA,Male,3:39.10|8:30.70|13:18.85,1500m|3000m Steeple|5000m,3,4.648650912305335,45,8483601
YOLANDA NGARAMBE,44.6913718,0.9931415955555556,3.330277777777778,0.0740061728395061,0.0,0.0,0.0,Yolanda Ngarambe,SWE,Female,2:01.32|4:04.50,800m|1500m,2,4.471034533486096,45,101704901
YOUSSEF BENZAMIA,2196.3145782,48.80699062666667,161.5336111111111,3.5896358024691355,0.0,0.0,0.0,Youssef Benzamia,FRA,Male,1:45.93|3:40.43,800m|1500m,2,4.41285449856177,45,60155357
YUKI TSUTSUMI,159.47,3.5437777777777777,17.018333333333334,0.3781851851851852,9.785555555555556,0.0,11.255555555555556,Yuki Tsutsumi,JPN,Male,1:02:05,Half,1,6.403085219790556,45,15008982
YUKICHI ISHII,1444.5274906,32.10061090222222,111.07611111111112,2.468358024691358,0.0,0.0,0.0,Yukichi Ishii,JPN,Male,1:46.22,800m,1,4.61366551348806,45,103535340
YUSUKE NISHIYAMA,0.0,0.0,0.0,0.0,0.0,0.0,0.0,Yusuke Nishiyama,JPN,Male,28:08.53|1:01:13|2:06:31,10000m|Half|Full,3,,45,44331112
ZACH PANNING,5975.3023926,132.78449761333331,380.9508333333333,8.465574074074073,2.8402777777777777,0.0,9.566388888888888,Zach Panning,USA,Male,28:08.85|2:09:16,10000m|Full,2,3.8252541040110177,45,26837949
ZALEN NELSON,0.80467,0.0178815555555555,0.0302777777777777,0.0006728395061728,0.0,0.0,0.0,Zalen Nelson,TTO,Male,1:47.41,800m,1,2.2576542764942977,45,60178349
ZIAD AUDAH,638.6022054,14.19116012,70.82388888888889,1.5738641975308645,0.0,0.0,0.0,Ziad Audah,BEL,Male,3:37.74,1500m,1,6.654272875039046,45,35097302
ZOUHAIR TALBI,238.3754408,5.297232017777778,15.700833333333334,0.3489074074074074,0.0,0.0,0.0,Zouhair Talbi,MAR,Male,1:00:41|2:06:39,Half|Full,2,3.951959131521405,45,73380869
ÉMILE TOUPIN,3312.8424834,73.61872185333333,256.7525,5.705611111111111,0.0,0.0,0.0,Émile Toupin,CAN,Male,3:39.15,1500m,1,4.650130538108035,45,40541312
