provider,external_account_id,athlete_id,provider_display_name,match_method,match_status,source_file,source_row_number
strava,101704901,76c4e79f-e592-4ccb-bd15-edb4e00ddf5b,Yolanda Ngarambe,metadata_external_id,resolved,cleaned_athlete_metadata.csv,452
strava,10175779,e3ec4e54-d296-4ccd-88c8-26b90be190b7,Job IJtsma,metadata_external_id,resolved,cleaned_athlete_metadata.csv,203
strava,1019940,fee02555-3a83-4bd4-b932-7b9782b61d73,Noah Schutte,metadata_external_id,resolved,cleaned_athlete_metadata.csv,323
strava,10206606,09e508ae-f19b-4e47-a6ee-89b5a3211b74,Liam Cashin,metadata_external_id,resolved,cleaned_athlete_metadata.csv,261
strava,10318023,8d5ddbd3-2470-4649-8d96-0ba326fcfc06,Davis Bove,metadata_external_id,resolved,cleaned_athlete_metadata.csv,103
strava,103535340,ea3fe4db-ce3d-467f-af37-9452c0a8e862,Yukichi Ishii,metadata_external_id,resolved,cleaned_athlete_metadata.csv,455
strava,10444014,3e9c009c-384f-4878-871f-c1e2c74be74b,Sophie O'Sullivan,metadata_external_id,resolved,cleaned_athlete_metadata.csv,410
strava,10513706,bfa3dfbb-6cd3-4f3b-8f6b-366a466dad0f,joe ewing,metadata_external_id,resolved,cleaned_athlete_metadata.csv,204
strava,105319659,ad520368-c23e-4f82-a0a2-66cbfee1c9c6,Erik Hille,metadata_external_id,resolved,cleaned_athlete_metadata.csv,126
strava,105366367,9e9c7a08-d3a1-4189-a1d3-60490a86d8f3,JOHN KORIR,metadata_external_id,resolved,cleaned_athlete_metadata.csv,209
strava,10609301,f801ec98-37c3-43fe-930e-3ff9a0eecff1,Lucy Reid,metadata_external_id,resolved,cleaned_athlete_metadata.csv,271
strava,107373064,0a3281e1-a5da-4087-8a8d-3dde8eeb2b63,David Mullarkey,metadata_external_id,resolved,cleaned_athlete_metadata.csv,102
strava,107895910,48c08fca-6d5d-416c-9246-454d4971cd3f,Mason Cohen,metadata_external_id,resolved,cleaned_athlete_metadata.csv,289
strava,107990522,9e9adb80-216e-48a9-a6c4-5b577f427a0f,victor kiplimo,metadata_external_id,resolved,cleaned_athlete_metadata.csv,441
strava,10799453,abab156b-ce6e-4a68-9e45-0c6af69b0de6,Josh Izewski,metadata_external_id,resolved,cleaned_athlete_metadata.csv,219
strava,10816005,e4bc9ba2-fff7-42f2-b303-0b633a8e70d4,Alexis Miellet,metadata_external_id,resolved,cleaned_athlete_metadata.csv,19
strava,109059136,40690975-d2e1-4cb8-807b-4f9456ddc4cb,Osama Zoghlami,metadata_external_id,resolved,cleaned_athlete_metadata.csv,331
strava,109555080,0d6ef2f6-da6b-4494-b439-89b2bb43f7a3,Ruken Tek,metadata_external_id,resolved,cleaned_athlete_metadata.csv,364
strava,10984855,9ca5ef4f-a9f0-47b4-b61e-c7959dfa25ca,Jonathan Mellor,metadata_external_id,resolved,cleaned_athlete_metadata.csv,213
strava,110408620,14d8976b-bda8-4b9d-88ff-bd3541f7faea,Derek Holdsworth,metadata_external_id,resolved,cleaned_athlete_metadata.csv,105
strava,110793714,f8368901-e411-4d76-949c-9f9b1910abb7,Lore Hoffmann,metadata_external_id,resolved,cleaned_athlete_metadata.csv,264
strava,111373106,458d4959-9458-4192-a26f-dd108f1f2bb9,Julia Jaguścik,metadata_external_id,resolved,cleaned_athlete_metadata.csv,225
strava,11157470,63005680-afd0-4cf8-ae0c-af3672245cd7,Stan Niesten,metadata_external_id,resolved,cleaned_athlete_metadata.csv,411
strava,112847410,4eb6ce29-e310-443e-b0a7-28ca57e9f25c,Allie Wilson,metadata_external_id,resolved,cleaned_athlete_metadata.csv,21
strava,113122040,ea9600be-c5b6-4614-a854-35aa989a0e9d,Viola Chepngeno,metadata_external_id,resolved,cleaned_athlete_metadata.csv,442
strava,11328161,c188ea2a-ad62-4abf-b1f4-6ad52f731d03,Regan Yee,metadata_external_id,resolved,cleaned_athlete_metadata.csv,348
strava,113818641,488910d8-0996-45ec-a639-e3cfb001325e,Michael Somers,metadata_external_id,resolved,cleaned_athlete_metadata.csv,301
strava,114820846,ae5015ad-3606-4cc5-9631-efad28cce9e1,Ryoji Tatezawa,metadata_external_id,resolved,cleaned_athlete_metadata.csv,368
strava,114930525,aa46af9b-ead4-4475-b6bc-2231611453c9,Hanna Lindholm,metadata_external_id,resolved,cleaned_athlete_metadata.csv,155
strava,115067841,91480edc-47a9-4253-8274-ba499cebec37,Lucia Pinacchio,metadata_external_id,resolved,cleaned_athlete_metadata.csv,269
strava,11747326,15bfce54-6567-489f-9faa-afb2166e46ee,Tom Anderson,metadata_external_id,resolved,cleaned_athlete_metadata.csv,430
strava,11799655,1eac2807-e9d4-4f10-9011-8e6efa0078f7,John Gay,metadata_external_id,resolved,cleaned_athlete_metadata.csv,208
strava,119258265,3146cf81-9e06-41db-847c-ec49ddae0f81,Collins Kemboi,metadata_external_id,resolved,cleaned_athlete_metadata.csv,89
strava,12012236,ccc4eaef-d535-4ebd-87bf-31857ed84c56,Kristine Eikrem Engeset,metadata_external_id,resolved,cleaned_athlete_metadata.csv,249
strava,12019441,95cdfd40-b979-47f2-8e38-0cea0bc204fc,Keira D'Amato,metadata_external_id,resolved,cleaned_athlete_metadata.csv,235
strava,120754520,a3a66fdc-fd9d-4673-a8e0-031fd31d0d8f,Gladys Chepngetich,metadata_external_id,resolved,cleaned_athlete_metadata.csv,149
strava,124968948,5daf2e57-e96b-4a16-b0a7-cc97128c211b,Sophie Novak,metadata_external_id,resolved,cleaned_athlete_metadata.csv,409
strava,125052191,1322be7f-8ea8-4e17-8474-db9f0358ceac,Mario García Romo,exact_normalized_name_to_metadata,resolved,indiv_activities_full.csv,9990
strava,12527724,08a8b352-2871-4a5b-b8fc-e4221aeebb16,Carter Fitzgerald,metadata_external_id,resolved,cleaned_athlete_metadata.csv,72
strava,12553443,698ccc9b-b735-4ee0-a810-9848e19fda63,Angus Harrington,metadata_external_id,resolved,cleaned_athlete_metadata.csv,28
strava,125720171,35ae6f8a-8d5a-40de-98dd-138077234b62,Annemarie Nissen,metadata_external_id,resolved,cleaned_athlete_metadata.csv,31
strava,12805279,1bfffd1c-ff76-43f6-bfef-a2b8606225dc,Lauren Ryan,metadata_external_id,resolved,cleaned_athlete_metadata.csv,256
strava,128956777,73e5be12-5cda-4a80-a223-15f935d1801c,KELVIN KIPYEGO,metadata_external_id,resolved,cleaned_athlete_metadata.csv,238
strava,129872301,0d67a22e-609a-4130-b705-74315df6b0b6,Caden Norris,metadata_external_id,resolved,cleaned_athlete_metadata.csv,60
strava,130452405,57b4ca94-dcda-4e12-bf85-4e8434adb9da,Dennis Kipkurui,metadata_external_id,resolved,cleaned_athlete_metadata.csv,104
strava,13065561,f175ac55-eef4-4d60-a9ce-e6bc2ca22492,James West,metadata_external_id,resolved,cleaned_athlete_metadata.csv,191
strava,131178025,fbf3d2d2-6a63-412c-9138-63cad932b1e2,brian kiptoo,metadata_external_id,resolved,cleaned_athlete_metadata.csv,57
strava,131800350,afb59a3a-bf2a-467c-8aac-486237063f8d,Amanda Vestri,metadata_external_id,resolved,cleaned_athlete_metadata.csv,22
strava,13233183,6bf32c72-6d97-496c-a491-0888f19973c9,James Seeliger,metadata_external_id,resolved,cleaned_athlete_metadata.csv,190
strava,132478746,e2f14b3d-6ec1-4d3a-a013-c1ef9a3a42cf,Savannah Shaw,metadata_external_id,resolved,cleaned_athlete_metadata.csv,390
strava,13279564,1e644b95-ff9e-4cac-a620-82a678078a31,Kellyn Taylor,metadata_external_id,resolved,cleaned_athlete_metadata.csv,237
strava,133154784,655c65c7-109e-4dca-b92c-54c6c12ae26b,Invida Mauriņa,metadata_external_id,resolved,cleaned_athlete_metadata.csv,170
strava,133448894,c733f278-9f61-4ce2-b2ce-b9a38086c802,Laura Priego,metadata_external_id,resolved,cleaned_athlete_metadata.csv,252
strava,134237562,52a6dedf-91d0-458e-9825-0a69b9c34d26,Tebello Ramakongoana,metadata_external_id,resolved,cleaned_athlete_metadata.csv,420
strava,13433736,bda5ef5d-71c0-4a0b-b6f0-0fd265d454fb,Carina Viljoen,metadata_external_id,resolved,cleaned_athlete_metadata.csv,67
strava,13447832,60178275-e517-4679-b0b8-6248c0e437b7,Emma Tavella,metadata_external_id,resolved,cleaned_athlete_metadata.csv,122
strava,13506056,1266b5fc-326e-466d-a7b7-bf5cb1a7f5bb,Samuel Barata,metadata_external_id,resolved,cleaned_athlete_metadata.csv,379
strava,13557908,b99e8bb9-e29c-4dde-ad38-8f00a78857a9,Richard Ringer,metadata_external_id,resolved,cleaned_athlete_metadata.csv,350
strava,13603477,88a2dfc8-01dd-499f-8ace-9eec925bd044,Carmen Graves,metadata_external_id,resolved,cleaned_athlete_metadata.csv,70
strava,14003386,4a8569a8-1c04-4707-8440-0c080e1969a2,Emil Danielsson,metadata_external_id,resolved,cleaned_athlete_metadata.csv,120
strava,141766603,c9bf12b9-bc08-40cf-86eb-f64980fea249,Ludovic Le Meur,metadata_external_id,resolved,cleaned_athlete_metadata.csv,272
strava,14187429,9e7ec15e-317c-44ba-805e-94da56cb489d,Arthur Gervais,metadata_external_id,resolved,cleaned_athlete_metadata.csv,34
strava,142181772,b1240769-859d-4ce1-8083-b8891ae446e5,Esther Seeland,metadata_external_id,resolved,cleaned_athlete_metadata.csv,129
strava,142463626,b27cff33-ac9c-4fdb-922f-12ae2110f430,Jaxson Hoey,metadata_external_id,resolved,cleaned_athlete_metadata.csv,195
strava,145188372,34c6bc2e-726d-4e5e-8ed4-1495df6d7928,Festus Lagat,metadata_external_id,resolved,cleaned_athlete_metadata.csv,136
strava,146708596,8f209ba6-c571-47d1-965d-c763d3d89773,Brenda Jepchirchir,metadata_external_id,resolved,cleaned_athlete_metadata.csv,53
strava,146854303,78ba5e10-d0c0-443f-a1d1-1541cb0d0650,Bethwel Kibet,metadata_external_id,resolved,cleaned_athlete_metadata.csv,48
strava,14735644,8bad48a8-df08-4fb0-87e4-d0ebcd89e6cc,Henry Wynne,metadata_external_id,resolved,cleaned_athlete_metadata.csv,163
strava,1478217,48587209-cc72-4d69-b898-691d50785b7d,Jack Rayner,exact_normalized_name_to_metadata,resolved,indiv_activities_full.csv,118884
strava,14983457,9ced0427-b331-46ca-87e2-fbb9d6c0042f,Sondre Nordstad Moen,metadata_external_id,resolved,cleaned_athlete_metadata.csv,408
strava,15008982,e11724b7-3963-47ce-82aa-fc7308dfc09e,Yuki Tsutsumi,metadata_external_id,resolved,cleaned_athlete_metadata.csv,454
strava,15124771,8e7739c0-a3c5-44ed-81a0-28cf563e09b6,Annie Rodenfels,metadata_external_id,resolved,cleaned_athlete_metadata.csv,32
strava,15195661,2702662e-7e29-43b8-82b0-c5485c0c2328,Baptiste Fourmont,metadata_external_id,resolved,cleaned_athlete_metadata.csv,39
strava,15305175,c78ae50d-bcaf-4464-9fa3-312694bbb0ac,Mateusz Borkowski,metadata_external_id,resolved,cleaned_athlete_metadata.csv,290
strava,15610170,9456177f-912b-4d85-8cca-2271bccd1943,hannah nuttall,metadata_external_id,resolved,cleaned_athlete_metadata.csv,156
strava,15697869,b7de8d3d-b89c-4d77-936b-7fe974d46197,Joseph Deng,metadata_external_id,resolved,cleaned_athlete_metadata.csv,217
strava,1617780,42c7d1f3-80a4-4199-9e26-886f7f2e8da2,Sam McEntee,metadata_external_id,resolved,cleaned_athlete_metadata.csv,376
strava,16448458,e5a69362-d61a-4972-9493-be35e313a033,Sam Gilman,metadata_external_id,resolved,cleaned_athlete_metadata.csv,375
strava,16604584,eebaf2d0-6082-4834-a80a-ec35d000f8ce,Laura Nagel,metadata_external_id,resolved,cleaned_athlete_metadata.csv,251
strava,17046618,940ec4cb-1479-4073-8ebb-023b5f275fb5,Peter Herzog,metadata_external_id,resolved,cleaned_athlete_metadata.csv,338
strava,17172793,ff61cec9-2614-463b-b783-7cf606332ee4,Raphael Pallitsch,metadata_external_id,resolved,cleaned_athlete_metadata.csv,344
strava,17175025,fcbbeb95-f9c3-488c-9641-dfb8e33134bf,Tai Dinger,metadata_external_id,resolved,cleaned_athlete_metadata.csv,416
strava,17379874,bba8b248-6701-41eb-b3c3-f45be19dea46,Julia Mayer,metadata_external_id,resolved,cleaned_athlete_metadata.csv,226
strava,17615116,5e9e34cb-0256-4001-bf05-2356d58ab05f,Justin Kent,metadata_external_id,resolved,cleaned_athlete_metadata.csv,228
strava,17721663,a2f5274c-874f-44b2-8b50-efdfc4154112,Yaseen Abdalla,metadata_external_id,resolved,cleaned_athlete_metadata.csv,448
strava,17931180,42460b10-b587-43ca-82dd-5c559fa3e74e,Lucas Nieuweboer,metadata_external_id,resolved,cleaned_athlete_metadata.csv,268
strava,18055756,0709e225-6678-467b-a73f-5c9ecdfe9e48,Tony van Diepen,metadata_external_id,resolved,cleaned_athlete_metadata.csv,433
strava,18082688,49f915a6-41f1-4744-8b0c-09d08818c702,Fredrik Sandvik,metadata_external_id,resolved,cleaned_athlete_metadata.csv,142
strava,18085134,11ef91d5-ad2a-4232-8535-668cb9845a2b,Hendrik Pfeiffer,metadata_external_id,resolved,cleaned_athlete_metadata.csv,161
strava,18143228,ac349f1a-15ef-4e25-926e-e92e6e4c9c2e,Matthias Kyburz,metadata_external_id,resolved,cleaned_athlete_metadata.csv,294
strava,18196031,a1f02d44-677e-43fa-85ce-d6d00f88c0c8,Marissa Damink,metadata_external_id,resolved,cleaned_athlete_metadata.csv,287
strava,18269729,f6dfbfdd-18f9-4f89-adf4-84521a6ee722,Federico Riva,metadata_external_id,resolved,cleaned_athlete_metadata.csv,135
strava,18305409,0502e083-73cd-4289-b632-2de0ab57117e,Ole Hesselbjerg,metadata_external_id,resolved,cleaned_athlete_metadata.csv,324
strava,1837113,05544227-4274-42b2-9210-ab69d31c4960,Benjamin CHOQUERT,metadata_external_id,resolved,cleaned_athlete_metadata.csv,47
strava,1861424,afd73514-4f1d-4bb6-8610-bc91a5329e18,Malindi Elmore,metadata_external_id,resolved,cleaned_athlete_metadata.csv,278
strava,18748153,eebf5c95-d93b-44dc-9238-60c9bcb2617c,Josh Kerr,metadata_external_id,resolved,cleaned_athlete_metadata.csv,220
strava,18766100,af75cc0c-5d62-4e90-8a6e-a2978dc30ca3,Callum Davies,metadata_external_id,resolved,cleaned_athlete_metadata.csv,61
strava,18803555,80616eb4-daab-4436-9eb5-c74ccfb846c7,Isaac Updike,metadata_external_id,resolved,cleaned_athlete_metadata.csv,173
strava,18819249,57af5cd1-73fc-42da-98dd-fa7a97199275,Giovanni Filippi,metadata_external_id,resolved,cleaned_athlete_metadata.csv,148
strava,18931477,d51aaef4-42e2-4859-9fb3-9a23ada60227,Scott Beattie,metadata_external_id,resolved,cleaned_athlete_metadata.csv,391
strava,18934439,3c3fac4f-5fd4-40d4-aded-088c36888c76,Nils Voigt,metadata_external_id,resolved,cleaned_athlete_metadata.csv,321
strava,18958757,f978efbe-4bcc-4823-bd4c-5c720463c2f6,Kasey Knevelbaard,metadata_external_id,resolved,cleaned_athlete_metadata.csv,229
strava,19033722,8b2396d9-ecca-4020-b8af-a17914594747,Joseph Tuffin,metadata_external_id,resolved,cleaned_athlete_metadata.csv,218
strava,19061864,f13876a0-6ded-4713-b6eb-c02e458eaf1c,Rob McManus,metadata_external_id,resolved,cleaned_athlete_metadata.csv,352
strava,19479777,0524f0d6-00dd-401c-a629-4300e626cf14,Tiarnan Crorken,metadata_external_id,resolved,cleaned_athlete_metadata.csv,424
strava,19488174,75f8ba75-df7b-412c-9df3-f4f9b026955e,Jackson Sharp,metadata_external_id,resolved,cleaned_athlete_metadata.csv,183
strava,19613002,1c68457b-1d75-4c8c-9d67-bde9a83393f8,Danielle Jones,metadata_external_id,resolved,cleaned_athlete_metadata.csv,101
strava,19686000,d77470d2-f4a6-4e2d-8b2a-79bf80f482e1,Rory Leonard,metadata_external_id,resolved,cleaned_athlete_metadata.csv,358
strava,19780474,72fde061-38ee-42ab-b536-938ad886d0a9,Azeddine Habz,metadata_external_id,resolved,cleaned_athlete_metadata.csv,37
strava,19813496,63374ce6-d85e-473d-924e-e76d65f9d8b8,Yago Rojo,metadata_external_id,resolved,cleaned_athlete_metadata.csv,447
strava,19848564,f9a0307c-ec97-4314-ae31-e9adc695478d,Rachel Smith,metadata_external_id,resolved,cleaned_athlete_metadata.csv,343
strava,199092,48584483-c36d-44c4-88f0-93b5eb1e6778,Lauren Hall,metadata_external_id,resolved,cleaned_athlete_metadata.csv,255
strava,20077578,6e4b23ea-f43a-466b-8414-384420cfcaf2,Morgan Mitchell,metadata_external_id,resolved,cleaned_athlete_metadata.csv,309
strava,20228908,2c3d0697-31c6-41dd-8738-49d68374c30e,LUIS Miguel Masabanda,metadata_external_id,resolved,cleaned_athlete_metadata.csv,273
strava,20297898,88a51d58-3a5d-4ddf-a4fe-5137c03a8e60,Jean-Simon Desgagnés,metadata_external_id,resolved,cleaned_athlete_metadata.csv,196
strava,204658,52715580-75ed-4510-a00f-6abfeaccc0c6,Jonathan Davis,metadata_external_id,resolved,cleaned_athlete_metadata.csv,211
strava,20688835,3662dcf7-7114-4cd4-8666-f452f1c361cf,Kevin Viezee,metadata_external_id,resolved,cleaned_athlete_metadata.csv,242
strava,21000995,aba71c33-c38e-482e-a178-5c5ff3df5fc9,Florian Bremm,metadata_external_id,resolved,cleaned_athlete_metadata.csv,139
strava,21148281,6f1c5319-84b5-4d3d-9343-39ca492350c7,Johannes Motschmann,metadata_external_id,resolved,cleaned_athlete_metadata.csv,207
strava,21148731,f6db01fd-7aa6-4b31-8233-7df24b8cb071,Nick Foster,metadata_external_id,resolved,cleaned_athlete_metadata.csv,317
strava,21295355,375fe8f5-342d-4542-ae20-ccf74635820f,Sigurd Tveit,metadata_external_id,resolved,cleaned_athlete_metadata.csv,402
strava,21479529,5a6824f1-23bc-418f-8008-3718c45ae44b,Jane Bareikis,metadata_external_id,resolved,cleaned_athlete_metadata.csv,193
strava,21547435,8aaaefbf-94d1-4fcd-b49a-48b760bb4791,Baptiste Guyon,metadata_external_id,resolved,cleaned_athlete_metadata.csv,40
strava,21880851,e9e89ff7-7826-4ec1-9d0c-2e81ff7b471c,Eilish Mccolgan,metadata_external_id,resolved,cleaned_athlete_metadata.csv,114
strava,21935508,c140f11e-9146-4c48-b984-40bf402c2b2c,Etienne Daguinos,metadata_external_id,resolved,cleaned_athlete_metadata.csv,130
strava,22274135,26a4849b-53f3-43da-a371-7ef5697c8d9a,Ben Preisner,metadata_external_id,resolved,cleaned_athlete_metadata.csv,45
strava,22399704,58e64efe-94c3-4e44-960d-48d924f775be,Charlie Sweeney,metadata_external_id,resolved,cleaned_athlete_metadata.csv,78
strava,22433281,dbff7740-4e64-4d43-b646-a8e8c95390d3,Reed Fischer,metadata_external_id,resolved,cleaned_athlete_metadata.csv,347
strava,22482034,dd9c2e45-f95a-4a35-9d2d-39ef2963f21c,Kevin Robertson,exact_normalized_name_to_metadata,resolved,indiv_activities_full.csv,45389
strava,23078070,5feb3259-6675-42a4-a31b-0e4d4fac02fc,Savannah Berry,metadata_external_id,resolved,cleaned_athlete_metadata.csv,389
strava,23093206,12ca86b4-79c2-4252-831f-bfcd73f3ff0e,marc tortell,metadata_external_id,resolved,cleaned_athlete_metadata.csv,279
strava,23188755,81d0397a-9eda-400f-bce2-5a6f1c1f00d8,Marcel Tobler,metadata_external_id,resolved,cleaned_athlete_metadata.csv,280
strava,23205296,9fe7479f-de4c-41dd-9c54-15f34c4f5dc0,Matt Wisner,metadata_external_id,resolved,cleaned_athlete_metadata.csv,291
strava,23254495,8397f71c-9e91-476a-95e0-67c960aac632,Silke Jonkman,metadata_external_id,resolved,cleaned_athlete_metadata.csv,404
strava,23295862,79f6c65c-677c-477f-8c43-5fe8b4a83688,Clayton Young,metadata_external_id,resolved,cleaned_athlete_metadata.csv,86
strava,23384343,ab2072bc-5177-4234-abd2-d8a330754b47,Rémi Schyns,metadata_external_id,resolved,cleaned_athlete_metadata.csv,370
strava,23435662,edac5d9f-7873-4393-97b6-c8550f9f0df4,Angelina Ellis,metadata_external_id,resolved,cleaned_athlete_metadata.csv,27
strava,23571791,898e0015-8fe5-4135-b67d-0d4e998f3a0e,Melissa Tanaka,metadata_external_id,resolved,cleaned_athlete_metadata.csv,299
strava,23682243,091b7853-d8d8-4fe5-851a-48af771866c9,Corentin Le Clezio,metadata_external_id,resolved,cleaned_athlete_metadata.csv,92
strava,23718316,429ea9f2-af49-4748-ba86-81a0671ef85b,Jake Ritter,metadata_external_id,resolved,cleaned_athlete_metadata.csv,185
strava,23741845,cf04a5af-81e1-480c-87a0-d9dc67c46912,Madeleine kelly,metadata_external_id,resolved,cleaned_athlete_metadata.csv,275
strava,23763182,bbf82e5c-3d87-4863-9eff-b9b79e781989,James Corrigan,metadata_external_id,resolved,cleaned_athlete_metadata.csv,186
strava,23836673,bb4ccbcf-b825-4131-bbd8-2ac150f5c886,Haftom Welday,metadata_external_id,resolved,cleaned_athlete_metadata.csv,152
strava,23911697,de9ba600-8654-42e6-98a5-f533a19ff740,Yassin Bouih,metadata_external_id,resolved,cleaned_athlete_metadata.csv,449
strava,23984087,c977b959-5173-469c-97f7-eb235a8c3f7d,Alessandro Lotta,metadata_external_id,resolved,cleaned_athlete_metadata.csv,15
strava,24166694,a26cd901-5799-452c-bec2-a158cd7caa1c,Daniel Simmons,metadata_external_id,resolved,cleaned_athlete_metadata.csv,100
strava,24304109,612bdb18-b3e5-4139-9a62-73f547577806,Pedro Gomez,metadata_external_id,resolved,cleaned_athlete_metadata.csv,337
strava,24359631,a082af64-eae6-4b45-a500-606fb949760d,Matthew Beaudet,metadata_external_id,resolved,cleaned_athlete_metadata.csv,292
strava,24382931,4d3afb1b-a23d-462a-9c89-1e5831c31507,Jacob Boutera,metadata_external_id,resolved,cleaned_athlete_metadata.csv,184
strava,24411013,9d7abeca-4c5e-4725-a301-5bfcc65de26c,Ryan Elston,metadata_external_id,resolved,cleaned_athlete_metadata.csv,366
strava,2461878,df40493d-3e3a-4038-8a20-e28d59ceb34c,Mark Pearce,metadata_external_id,resolved,cleaned_athlete_metadata.csv,288
strava,24660297,2c5ee0ee-cea7-47e9-8b9a-74cc271171eb,Brian Fay,metadata_external_id,resolved,cleaned_athlete_metadata.csv,56
strava,24687367,01c4af2b-2d7e-40c2-9d19-dbb6fe0f2749,Tim McInerney,metadata_external_id,resolved,cleaned_athlete_metadata.csv,425
strava,24725900,65782ab3-052e-4ebf-b83b-8c150c45c79e,Will Barnicoat,metadata_external_id,resolved,cleaned_athlete_metadata.csv,445
strava,24985070,73adec1f-1bb0-4888-8afa-673adb0a1526,Harry Wakefield,metadata_external_id,resolved,cleaned_athlete_metadata.csv,157
strava,25124025,ec46c8c5-a9b2-4da3-9542-48fd22816227,Georgia bell,metadata_external_id,resolved,cleaned_athlete_metadata.csv,146
strava,25213063,7ef344e4-39d8-4fb5-aa23-affe39bd03ca,Emil Blomberg,metadata_external_id,resolved,cleaned_athlete_metadata.csv,119
strava,25386511,8bba4ec2-3bf3-4e4d-bcea-3066efc54cf5,Carlee Hansen,metadata_external_id,resolved,cleaned_athlete_metadata.csv,69
strava,25504823,6affd353-e374-4d5c-996c-1e7acd5ff562,Luc Le Baron,metadata_external_id,resolved,cleaned_athlete_metadata.csv,265
strava,25760238,76a1c939-803b-4f8b-8821-15f9dbf11102,Peter Lynch,metadata_external_id,resolved,cleaned_athlete_metadata.csv,339
strava,25871837,dc098b75-e19d-4805-9151-9594428a7d67,Nathan MARTIN,metadata_external_id,resolved,cleaned_athlete_metadata.csv,315
strava,26009876,a63c5911-916f-4d26-9eb3-9b620a93994f,Levente Szemerei,metadata_external_id,resolved,cleaned_athlete_metadata.csv,259
strava,26028112,797abac8-441d-4695-b65f-27085b9794c0,Fearghal Curtin,metadata_external_id,resolved,cleaned_athlete_metadata.csv,134
strava,26047857,27ecf49d-51d2-438c-90d0-e54c5b3cd93e,Rebecca Mehra,metadata_external_id,resolved,cleaned_athlete_metadata.csv,346
strava,26104963,04a5492b-e096-4bce-9d0d-4826d61b063f,Olivier Desmeules,metadata_external_id,resolved,cleaned_athlete_metadata.csv,330
strava,26188193,153242b7-39c1-4c80-bb28-76634aaf978d,Mykola Nyzhnyk,metadata_external_id,resolved,cleaned_athlete_metadata.csv,311
strava,26514282,253d7ac5-e7cd-449d-9df7-f707deaf0b79,Jude Thomas,metadata_external_id,resolved,cleaned_athlete_metadata.csv,223
strava,26597694,d5d0951c-e702-40e6-b0cc-061494fcbb70,kieran tuntivate,metadata_external_id,resolved,cleaned_athlete_metadata.csv,243
strava,26662661,69b0f36f-c038-4276-9ca7-b4ddafb8d385,Lucas Bons,metadata_external_id,resolved,cleaned_athlete_metadata.csv,267
strava,26712504,929ac84c-5597-45f8-86af-c3abfc7bb361,Aaron Ahl,metadata_external_id,resolved,cleaned_athlete_metadata.csv,2
strava,26743149,6148674d-d46c-446a-b357-d8d615ecd32d,Cameron Levins,metadata_external_id,resolved,cleaned_athlete_metadata.csv,65
strava,26837949,d3dfca42-b525-4ae2-8dae-84f330fbf366,Zach Panning,metadata_external_id,resolved,cleaned_athlete_metadata.csv,457
strava,26841392,b679f0fd-98cc-4c32-81cb-f96f3acead87,Olin Hacker,metadata_external_id,resolved,cleaned_athlete_metadata.csv,327
strava,26886165,404995c6-3898-4e22-b112-1ecec6f593ca,Kristel van den Berg,metadata_external_id,resolved,cleaned_athlete_metadata.csv,246
strava,2688671,0a47f3b2-e8b3-4aa8-b1e3-db73875d2fb9,Duncan Hamilton,metadata_external_id,resolved,cleaned_athlete_metadata.csv,111
strava,26914590,86f29d0b-25f2-4240-9f4e-52b526382bcc,Sarah Healy,metadata_external_id,resolved,cleaned_athlete_metadata.csv,384
strava,26948702,398af9c6-2d62-4815-beab-6403be424d91,Ben Perrin,metadata_external_id,resolved,cleaned_athlete_metadata.csv,44
strava,26985879,2e0df6dc-9ae8-4fe1-84c0-ddd5b88e6d88,Shane Bracken,metadata_external_id,resolved,cleaned_athlete_metadata.csv,396
strava,26990912,f785b1c7-3144-4fd9-a173-a5f11d4a8332,Jennifer Gulikers,metadata_external_id,resolved,cleaned_athlete_metadata.csv,197
strava,27064583,406265dc-b734-4f07-a56e-7f8725818cfb,Sydney Steely,metadata_external_id,resolved,cleaned_athlete_metadata.csv,415
strava,27102390,7b5c50d1-a0a3-441e-b8a0-8d4798c8d80f,Ahmed Ouhda,metadata_external_id,resolved,cleaned_athlete_metadata.csv,11
strava,27198009,208ebeea-ad17-4b30-b4d2-b765bd82ccc9,Hugo Houyez,metadata_external_id,resolved,cleaned_athlete_metadata.csv,168
strava,27457755,56a5840a-b4cb-45d4-bb9d-1768ba3fa48c,Joanna Archer,metadata_external_id,resolved,cleaned_athlete_metadata.csv,202
strava,2770994,e92d3736-d6b3-4a40-afcf-16771b382c82,Koen Naert,metadata_external_id,resolved,cleaned_athlete_metadata.csv,245
strava,27711874,e7214d87-0309-4568-bcb9-b31844db13f0,Lisa Rooms,metadata_external_id,resolved,cleaned_athlete_metadata.csv,262
strava,27786043,7ba40c64-12a1-4b4c-9d28-b79c24a3ad31,Parul Chaudhary,metadata_external_id,resolved,cleaned_athlete_metadata.csv,334
strava,28079951,ec440ffe-23f8-46a8-8d8a-f1658b7ba553,ISHMAEL ARTHUR,metadata_external_id,resolved,cleaned_athlete_metadata.csv,175
strava,28193745,710842b5-ddef-4ba0-a3f7-4c6bdc66b18f,Tanner Maier,metadata_external_id,resolved,cleaned_athlete_metadata.csv,419
strava,2827104,3302a25f-4eaf-4ca7-b62e-527fa3c7f7c6,Jack Rowe,metadata_external_id,resolved,cleaned_athlete_metadata.csv,181
strava,28540939,581405da-163e-41d3-a2b1-823f441c5af1,Pieter Sisk,metadata_external_id,resolved,cleaned_athlete_metadata.csv,341
strava,28572286,be7ebe3e-8c86-40df-b66c-e0e38c74689b,Andrew Butchart,metadata_external_id,resolved,cleaned_athlete_metadata.csv,23
strava,28707348,3ccaa9ea-4ca2-4ccb-a32f-f06da6aad918,Sean Donoghue,metadata_external_id,resolved,cleaned_athlete_metadata.csv,393
strava,2911356,e0d18683-9c53-4bb9-b2fd-b61aab8d607c,James Hansen,metadata_external_id,resolved,cleaned_athlete_metadata.csv,187
strava,29184441,a1b9b40e-f1a4-423b-ae0f-03b6e9738374,Samuel Chapple,metadata_external_id,resolved,cleaned_athlete_metadata.csv,380
strava,29372219,f80742ad-0797-4dfd-baf2-d460b4e85807,Min Liu,metadata_external_id,resolved,cleaned_athlete_metadata.csv,306
strava,29394594,2288a304-839c-411d-9887-1ab0a802b41d,Abdurrahman Gediklioğlu,metadata_external_id,resolved,cleaned_athlete_metadata.csv,5
strava,2966441,5792df8c-5eb6-4441-b45f-837cb327ae9f,Nicolas Navarro,metadata_external_id,resolved,cleaned_athlete_metadata.csv,319
strava,29862838,55a687f8-0dae-4fd4-8f60-28af023720ba,Svetlana Aplachkina,metadata_external_id,resolved,cleaned_athlete_metadata.csv,414
strava,2988843,38282f0b-23e8-4c42-9d25-f1bff6d443c8,James Preston,metadata_external_id,resolved,cleaned_athlete_metadata.csv,189
strava,29900318,61816423-2eb3-40c4-a26b-05cf19716eaa,Niels Laros,metadata_external_id,resolved,cleaned_athlete_metadata.csv,320
strava,29901048,70ec4141-7a46-4723-957d-98b9c3bfc926,Anne Luijten,metadata_external_id,resolved,cleaned_athlete_metadata.csv,30
strava,30197343,40219bf6-54ce-44aa-b39b-1f443643a360,Mekdes WOLDU,metadata_external_id,resolved,cleaned_athlete_metadata.csv,298
strava,30804228,91d8279c-6c79-44e5-86b9-2a361de88c3f,Ryan Ford,metadata_external_id,resolved,cleaned_athlete_metadata.csv,367
strava,30928604,0dc335ea-467a-46e1-b7df-50c8164803e6,Dan Kibet,metadata_external_id,resolved,cleaned_athlete_metadata.csv,97
strava,31259127,9dee826b-7301-4672-91f3-357c10fe1fde,Craig Engels,metadata_external_id,resolved,cleaned_athlete_metadata.csv,93
strava,31658147,b395c3b3-e4ac-4048-b731-00f0c3aff017,Silas Too,metadata_external_id,resolved,cleaned_athlete_metadata.csv,403
strava,32294430,1345b6c9-1b7a-4673-9fa2-8df36b5ab8d7,Shogo Nakamura,metadata_external_id,resolved,cleaned_athlete_metadata.csv,400
strava,32464862,d3ed503c-a454-4d77-81b2-80e0bc8c88e9,Colin Bennie,metadata_external_id,resolved,cleaned_athlete_metadata.csv,88
strava,32496631,c2259d98-bce9-4e91-b9a0-3ae7dcb94f2c,Ben Nagel,metadata_external_id,resolved,cleaned_athlete_metadata.csv,42
strava,32795912,34d5c7ae-7e33-4dfc-8432-d319d9dc165d,Ben Pattison,metadata_external_id,resolved,cleaned_athlete_metadata.csv,43
strava,33020384,d585b0d5-f40e-4ed2-85d5-63ac84d5368c,Ruben Verheyden,metadata_external_id,resolved,cleaned_athlete_metadata.csv,363
strava,33082169,e56d0900-0834-4ba2-af25-cd777b5370ca,Noah Baltus,metadata_external_id,resolved,cleaned_athlete_metadata.csv,322
strava,3315425,fe0c693d-bb80-422b-b87c-e3382d4e9e71,Andrew Hunter,metadata_external_id,resolved,cleaned_athlete_metadata.csv,26
strava,33180931,02ae0769-e60c-42a5-aa63-d1208b075703,Travis Mahoney,metadata_external_id,resolved,cleaned_athlete_metadata.csv,434
strava,33433081,d7aaab1e-da89-4b48-8a3b-234e4e82c218,Aidan Ryan,metadata_external_id,resolved,cleaned_athlete_metadata.csv,12
strava,33502406,0951957a-b44d-4bac-8a86-72b6dc0f4ef3,Henry Fisher,metadata_external_id,resolved,cleaned_athlete_metadata.csv,162
strava,33655219,7a374606-c34e-4186-a717-e7c81b86f087,Ellis Cross,metadata_external_id,resolved,cleaned_athlete_metadata.csv,118
strava,33721882,23acaca5-c3fd-472a-8f6f-3a7f445f1d60,Rose Davies,metadata_external_id,resolved,cleaned_athlete_metadata.csv,360
strava,33977163,990a3d02-50bd-4a5f-8101-e80cd5f1aed2,Militsa Mircheva,metadata_external_id,resolved,cleaned_athlete_metadata.csv,305
strava,33993248,87bf5c53-801e-4362-bf53-d05b9f3908ff,Conner Mantz,metadata_external_id,resolved,cleaned_athlete_metadata.csv,90
strava,34058082,565657fe-8845-45e4-a7b6-2e96076693e8,Tanja Spill,metadata_external_id,resolved,cleaned_athlete_metadata.csv,418
strava,34063383,0c1f0f34-90e4-43c9-81f0-88bae4f061dd,Eric Holt,metadata_external_id,resolved,cleaned_athlete_metadata.csv,125
strava,34130726,caf2ccea-f6b7-4654-b485-318e6f11fceb,Breanna Sieracki,metadata_external_id,resolved,cleaned_athlete_metadata.csv,52
strava,34182540,d81b2fe2-e258-4940-ba7d-0a6e7aabff38,Heather Seaward,metadata_external_id,resolved,cleaned_athlete_metadata.csv,160
strava,34492691,e7e2471c-1a7d-4d80-a5be-acb751b5cb4c,Djilali Bedrani,metadata_external_id,resolved,cleaned_athlete_metadata.csv,110
strava,34822200,dd7a1034-3e2a-4209-a1ed-cd0c14c0036a,Evan Jager,metadata_external_id,resolved,cleaned_athlete_metadata.csv,131
strava,34827695,92ddcb68-bf93-462b-bf0e-cbf6e0459b0d,Ole Jakob Solbu,metadata_external_id,resolved,cleaned_athlete_metadata.csv,325
strava,35097302,fbeea229-2be3-4d32-8065-26ab92dee36e,Ziad Audah,metadata_external_id,resolved,cleaned_athlete_metadata.csv,459
strava,35428770,0ad32459-503f-4da9-b872-8bacc4cd168c,Luca Thompson,metadata_external_id,resolved,cleaned_athlete_metadata.csv,266
strava,35680056,0a4e9838-315d-44f0-8069-1d49af3c7a17,Chandler Gibbens,metadata_external_id,resolved,cleaned_athlete_metadata.csv,75
strava,3593920,79f7c8cc-b56d-4e25-9f0f-8edad2e71d3a,Samuel Tanner,metadata_external_id,resolved,cleaned_athlete_metadata.csv,381
strava,35983960,1fcdc29f-a02b-43cf-9982-06accfac9a3b,Sarah Calvert,metadata_external_id,resolved,cleaned_athlete_metadata.csv,383
strava,36042703,64a5b62e-3ee0-411a-965b-53e8a9adb8f3,Silvia Oggioni,metadata_external_id,resolved,cleaned_athlete_metadata.csv,405
strava,36047007,d6b4e614-1e1f-4691-b4ad-b10b30fea3c9,Daiki Hattori,metadata_external_id,resolved,cleaned_athlete_metadata.csv,95
strava,36474939,e386d3a2-4035-437a-a8bc-94fcec1e231d,Roy Hoornweg,metadata_external_id,resolved,cleaned_athlete_metadata.csv,362
strava,36628860,a5a25f03-6902-4fc2-aeb1-5209d00146e7,Cameron Avery,metadata_external_id,resolved,cleaned_athlete_metadata.csv,64
strava,3672145,e375ccce-a122-4dfb-a9fb-ee4875faaf86,Baldvin Magnusson,metadata_external_id,resolved,cleaned_athlete_metadata.csv,38
strava,36750101,4f5ffe1e-8400-4195-8195-42e68131dd60,tom dodd,metadata_external_id,resolved,cleaned_athlete_metadata.csv,431
strava,36760710,0e443801-9e81-496f-911b-b72cd8ebf5e3,Luke McCann,metadata_external_id,resolved,cleaned_athlete_metadata.csv,274
strava,37389921,ebe185bb-3e64-4582-ae38-2205a67155a8,Jessica Kain,metadata_external_id,resolved,cleaned_athlete_metadata.csv,201
strava,37392546,375538cd-62be-47e4-b4d3-dfb87ba3e39e,Anthony Camerieri,metadata_external_id,resolved,cleaned_athlete_metadata.csv,33
strava,37651602,2c771c21-6019-45b5-b333-4a5b987204fa,Lauren Gregory,metadata_external_id,resolved,cleaned_athlete_metadata.csv,253
strava,37674562,97afb339-5dbf-4bd4-a379-e35633e493e5,Peter Smith,metadata_external_id,resolved,cleaned_athlete_metadata.csv,340
strava,37868862,a4c9829e-038a-414b-b316-8c35171d5ec5,simon mwangi,metadata_external_id,resolved,cleaned_athlete_metadata.csv,407
strava,38105995,cc34b203-07fa-47a7-b95a-0b878d22b05b,Joey Nokes,metadata_external_id,resolved,cleaned_athlete_metadata.csv,206
strava,38210378,b926d901-a291-426d-9999-e4bc24357cc1,Christian Noble,metadata_external_id,resolved,cleaned_athlete_metadata.csv,81
strava,38389393,29c9ae35-6473-47db-9b23-e4395c706bb0,Rob Napolitano,metadata_external_id,resolved,cleaned_athlete_metadata.csv,353
strava,3875855,192666df-c347-41f5-9b8c-56cc6a0f8b38,Bruno Pierru,metadata_external_id,resolved,cleaned_athlete_metadata.csv,59
strava,38758598,f5584e07-a0f4-48c3-8c92-043c2124348a,Juliette Thomas,metadata_external_id,resolved,cleaned_athlete_metadata.csv,227
strava,39092505,f7cc1fac-a5b4-4189-a81b-b5ae2e7acd9d,Romain Legendre,metadata_external_id,resolved,cleaned_athlete_metadata.csv,356
strava,39319235,9230b537-b523-4789-b09d-a6cd888108c9,Tyler Bilyard,metadata_external_id,resolved,cleaned_athlete_metadata.csv,436
strava,39397963,db38d90d-c072-4e85-a9c3-9518237f3094,Kate Current,metadata_external_id,resolved,cleaned_athlete_metadata.csv,230
strava,3941512,8b0b4ac2-5282-4f7f-9076-a6781813be37,Stephen Evans,metadata_external_id,resolved,cleaned_athlete_metadata.csv,413
strava,3943693,2dcfc7d1-fe4a-4945-8e53-4434eeae7f4e,Kyle Langford,metadata_external_id,resolved,cleaned_athlete_metadata.csv,250
strava,39909333,7ec09997-64af-4eed-9f48-06894a9a8b1f,Camden Gilmore,metadata_external_id,resolved,cleaned_athlete_metadata.csv,63
strava,40048824,2ee5f13f-9b17-4986-a3c1-1f83ac42fff6,Morgan Pearson,metadata_external_id,resolved,cleaned_athlete_metadata.csv,310
strava,40298930,b1055dc0-aa9e-43ed-99c8-553dc4fa013f,Waleed Suliman,metadata_external_id,resolved,cleaned_athlete_metadata.csv,443
strava,40310033,418830fb-02ba-4e53-af60-009ac120f38d,Cristhian Zamora,metadata_external_id,resolved,cleaned_athlete_metadata.csv,94
strava,40390930,408b13b8-f463-4997-b29e-e6a3d77b765d,Sean Dolan,metadata_external_id,resolved,cleaned_athlete_metadata.csv,392
strava,40483545,ab4c0bba-2508-4772-8aa4-b8aef6941722,Matthew Richtman,metadata_external_id,resolved,cleaned_athlete_metadata.csv,293
strava,40541312,0ee50611-28b6-435f-ba94-467d2511d89b,Émile Toupin,metadata_external_id,resolved,cleaned_athlete_metadata.csv,461
strava,40609729,9b940e1f-ed14-4b14-b644-84cff2f4519e,Meredith Rizzo,metadata_external_id,resolved,cleaned_athlete_metadata.csv,300
strava,40701290,2b65398f-5ce4-44d7-a384-724d396e5d6a,Simon Debognies,metadata_external_id,resolved,cleaned_athlete_metadata.csv,406
strava,40799987,93cf093c-d5a7-4a35-82d4-7a2b6e33b509,Allie Buchalski,metadata_external_id,resolved,cleaned_athlete_metadata.csv,20
strava,40806845,364214ee-b748-471d-8c5b-21181372b3d8,Mariska Parewyck,metadata_external_id,resolved,cleaned_athlete_metadata.csv,286
strava,41072820,3a161856-febb-4cf0-8887-38de8c01dc8e,Clayton Murphy,metadata_external_id,resolved,cleaned_athlete_metadata.csv,85
strava,41804724,ad75590a-abe5-4506-96a8-423ee2f074ec,Sarah McDonald,metadata_external_id,resolved,cleaned_athlete_metadata.csv,387
strava,41839883,9921b768-86d7-4d66-9ac0-7b000a4499b0,Tim Vincent,metadata_external_id,resolved,cleaned_athlete_metadata.csv,426
strava,42139655,1f360289-99df-4131-aa15-7b12bf077da3,Sebastian Hendel,metadata_external_id,resolved,cleaned_athlete_metadata.csv,395
strava,42575476,ea563569-bbc6-4cba-b7a0-fb6057d15bf0,Florence Caron,metadata_external_id,resolved,cleaned_athlete_metadata.csv,138
strava,42578650,2db2c764-4b21-4fdc-be8a-a98e61d81db1,Sarah Billings,metadata_external_id,resolved,cleaned_athlete_metadata.csv,382
strava,42631475,33805c19-8865-4eb4-8dd7-858bf2d5d808,Shuhei Yamamoto,metadata_external_id,resolved,cleaned_athlete_metadata.csv,401
strava,4298711,40b91176-d9e9-4ade-b392-eede5f18399d,Ryan Clarke,metadata_external_id,resolved,cleaned_athlete_metadata.csv,365
strava,43139783,1b166ca1-4107-439a-bbe6-bde14e00e69e,Brett Gardner,metadata_external_id,resolved,cleaned_athlete_metadata.csv,54
strava,43228727,63a976b4-f5a7-4c65-b529-fbf210e292e2,Jan Badia,metadata_external_id,resolved,cleaned_athlete_metadata.csv,192
strava,43503052,a82111f3-e205-4366-bb17-7048abb3b2de,Benjamin Allen,metadata_external_id,resolved,cleaned_athlete_metadata.csv,46
strava,43648976,3a806da2-2510-46a9-a49f-d4d5f81cef90,Tinoda Matsatsa,metadata_external_id,resolved,cleaned_athlete_metadata.csv,428
strava,43684184,203eaed0-8692-4f34-b3ab-79eb36e59b16,Marisa Howard,metadata_external_id,resolved,cleaned_athlete_metadata.csv,285
strava,43853389,01f5b708-552e-4afc-b375-8f7c619e0c8c,Roxane Cleppe,metadata_external_id,resolved,cleaned_athlete_metadata.csv,361
strava,44007546,976b513c-1fe7-48ba-8691-5a07b992861e,Abdihamid nur,metadata_external_id,resolved,cleaned_athlete_metadata.csv,4
strava,44196401,8adee9ac-cff3-420d-859f-7d4f99ab82e7,Mahadi Abdi Ali,metadata_external_id,resolved,cleaned_athlete_metadata.csv,277
strava,44215632,fe530f7c-c6cb-4fef-8f74-80028d0802ad,Sarah Sellers,metadata_external_id,resolved,cleaned_athlete_metadata.csv,388
strava,44278789,971c86e4-052e-4110-b8e2-fbd1a6feae23,Jordan Macintosh,metadata_external_id,resolved,cleaned_athlete_metadata.csv,214
strava,44331112,cf018523-2579-448c-9fb0-f2e95b38de3b,YUSUKE NISHIYAMA,metadata_external_id,resolved,cleaned_athlete_metadata.csv,456
strava,44368138,5f4edc7f-b816-4cf3-a62e-7ad4ccd276d4,Romain Mornet,metadata_external_id,resolved,cleaned_athlete_metadata.csv,357
strava,44564763,c28020db-d6c8-4821-86ba-76219a5c965d,Yazmine Wright,metadata_external_id,resolved,cleaned_athlete_metadata.csv,450
strava,4483415,06bdbb34-e5ad-41bf-9c56-0fa221d6f57b,Charlotte Purdue,metadata_external_id,resolved,cleaned_athlete_metadata.csv,79
strava,45191607,3be7693e-2d67-4423-a8d8-ff9d9f2d6b0c,Thomas Piquart,metadata_external_id,resolved,cleaned_athlete_metadata.csv,423
strava,45537525,624930b5-5d55-4918-846d-3b8ea5b7c977,Thomas Bridger,metadata_external_id,resolved,cleaned_athlete_metadata.csv,421
strava,45951923,a4f31c12-bb60-414b-8c5e-9b535b894f9b,Levi Taylor,metadata_external_id,resolved,cleaned_athlete_metadata.csv,260
strava,46054215,b5f5cac4-b274-4911-826e-b8b7ca1bcc4c,Christian Patzka,metadata_external_id,resolved,cleaned_athlete_metadata.csv,82
strava,46128288,210387df-4e03-4cc8-955f-b6d2ce3ea460,Jack Lunn,metadata_external_id,resolved,cleaned_athlete_metadata.csv,179
strava,46478486,57f3f95b-567e-42ce-8b23-04bca5c78e23,Méline Rollin,metadata_external_id,resolved,cleaned_athlete_metadata.csv,312
strava,46492412,28e97143-f9a9-4cf4-a9b8-1face97443ce,Alex Phillip,metadata_external_id,resolved,cleaned_athlete_metadata.csv,17
strava,46514749,eaf6d12a-1c94-4db0-922c-8970e7c40a62,Alexander Korczynski,metadata_external_id,resolved,cleaned_athlete_metadata.csv,18
strava,46643128,dd96bc54-b400-49a5-bfcb-d4a353dfa710,Adam Spencer,metadata_external_id,resolved,cleaned_athlete_metadata.csv,9
strava,46695698,1bda5356-665f-4899-834e-07750c840ae5,William Battershill,metadata_external_id,resolved,cleaned_athlete_metadata.csv,446
strava,46787646,12a2ff10-719c-43a3-a3b2-3c51da6b36d2,Eliott Crestan,metadata_external_id,resolved,cleaned_athlete_metadata.csv,116
strava,46801273,e3b41639-260c-45af-8b86-e30c4144efba,Hayley Kitching,metadata_external_id,resolved,cleaned_athlete_metadata.csv,158
strava,46880353,59209639-d884-41a4-b70b-3996c0dc52ba,Casey Comber,metadata_external_id,resolved,cleaned_athlete_metadata.csv,73
strava,47153030,e3d84d5d-859e-47c2-935d-5cbea2317a4b,Sadie Engelhardt,metadata_external_id,resolved,cleaned_athlete_metadata.csv,371
strava,47231766,42382123-ca4c-4e00-8226-da70cc55a444,Ignacio Erario,metadata_external_id,resolved,cleaned_athlete_metadata.csv,169
strava,47414877,609449c8-e05e-448a-9014-665eab49f145,Robin Oester,metadata_external_id,resolved,cleaned_athlete_metadata.csv,354
strava,48092419,e149b2ac-ef73-4f0e-9333-de5533869071,brian kiptum,metadata_external_id,resolved,cleaned_athlete_metadata.csv,58
strava,4814818,b09bc196-0e8f-4449-9548-99c5094e8a9a,Adam Fogg,metadata_external_id,resolved,cleaned_athlete_metadata.csv,8
strava,48312027,46705d85-b987-414a-a33e-84a9e353a99c,Foster Malleck,metadata_external_id,resolved,cleaned_athlete_metadata.csv,141
strava,48348730,350d853e-fd7b-4da3-b30d-b59699c903c3,JaQuavious Harris,metadata_external_id,resolved,cleaned_athlete_metadata.csv,194
strava,48454776,825589f2-5b2a-4452-a39f-7e3c3069a6bd,Agathe Delahoutre,metadata_external_id,resolved,cleaned_athlete_metadata.csv,10
strava,48545297,cf9374bc-e68f-4ed1-b36c-9657de0946e3,Parker Wolfe,metadata_external_id,resolved,cleaned_athlete_metadata.csv,333
strava,48696680,9b20ebf6-411f-4f6c-b9af-04bbc992cb4f,Quentin Tison,metadata_external_id,resolved,cleaned_athlete_metadata.csv,342
strava,48797626,e8cdecb3-5839-4028-b915-18cd7f74a4aa,Sarah Madeleine,metadata_external_id,resolved,cleaned_athlete_metadata.csv,386
strava,4882648,c47ca1a4-739d-4be5-94d1-818a476c0aaa,Mike Foppen,metadata_external_id,resolved,cleaned_athlete_metadata.csv,304
strava,49012071,29430aed-6031-400f-82c0-c5ec7f7a3e7a,Jack Balick,metadata_external_id,resolved,cleaned_athlete_metadata.csv,177
strava,49103935,10f0c322-43f5-4317-940a-c59ed83f30e1,Tyler Wirth,metadata_external_id,resolved,cleaned_athlete_metadata.csv,437
strava,49179005,cf4232d5-97cd-4feb-a47a-28f7250979cc,Michaela Meyer,metadata_external_id,resolved,cleaned_athlete_metadata.csv,302
strava,49240561,f7bc9709-81e9-4a0b-a57a-7c88174339c1,Abby Nichols,metadata_external_id,resolved,cleaned_athlete_metadata.csv,3
strava,49265326,cda90c72-e69f-451e-9466-045942069c0a,Dina Aleksandrova,metadata_external_id,resolved,cleaned_athlete_metadata.csv,109
strava,4928335,ee3a8d9e-a643-428d-9395-2d3b87adafc0,JP Flavin,metadata_external_id,resolved,cleaned_athlete_metadata.csv,222
strava,49440369,f0d417da-d2ea-43e3-bd7b-9219b1dcb80f,HIDEYUKI TANAKA,metadata_external_id,resolved,cleaned_athlete_metadata.csv,165
strava,49462685,a398b825-5d55-43e0-b734-0b0bb8650d15,Kate Mitchell,metadata_external_id,resolved,cleaned_athlete_metadata.csv,232
strava,49509743,c04a3076-2e4e-4d41-b981-f0f0ddefab58,Hazem Miawad,metadata_external_id,resolved,cleaned_athlete_metadata.csv,159
strava,49565163,0a024422-4ffa-4aed-8353-52ad419eec62,Wes Ferguson,metadata_external_id,resolved,cleaned_athlete_metadata.csv,444
strava,49628215,ed1f5f07-3d47-42d0-99fa-c2bb1422e92a,Irvette Van Zyl,metadata_external_id,resolved,cleaned_athlete_metadata.csv,171
strava,49947604,4b11f433-46c7-4b89-9eae-22bcd9c24bc6,CJ Singleton,metadata_external_id,resolved,cleaned_athlete_metadata.csv,84
strava,50043425,eeddaa08-aedd-478e-927c-cffdbe041364,Nick Dahl,metadata_external_id,resolved,cleaned_athlete_metadata.csv,316
strava,50044591,1316eb8f-4f64-48b5-87f1-f11fa0228531,Morgan Beadlescomb,metadata_external_id,resolved,cleaned_athlete_metadata.csv,308
strava,50116782,8f15cbbc-c46e-45e2-8975-3d241558e51d,Isaiah Harris,metadata_external_id,resolved,cleaned_athlete_metadata.csv,174
strava,50765671,70507f65-8c46-4094-9692-20e6f3360d53,Shane Cohen,metadata_external_id,resolved,cleaned_athlete_metadata.csv,397
strava,51425538,524018c9-a0f8-4636-8a1a-5b96754fb8a6,Tuğba Güvenç,metadata_external_id,resolved,cleaned_athlete_metadata.csv,435
strava,5181205,b958c2e8-996b-417a-a2b5-7c6ffd70074f,Max Davies,metadata_external_id,resolved,cleaned_athlete_metadata.csv,295
strava,51826918,2881d3dd-0132-4d5b-a49c-df88369f5aed,Kerem Ayhan,metadata_external_id,resolved,cleaned_athlete_metadata.csv,240
strava,51901865,1669d866-7aa9-491e-a892-7ea5c815803b,Marco Langon,metadata_external_id,resolved,cleaned_athlete_metadata.csv,283
strava,51932246,d1830b3a-c73d-44c2-82db-3ca1a8a72143,ellie baker,metadata_external_id,resolved,cleaned_athlete_metadata.csv,117
strava,52075256,e505d87e-883a-4160-8dba-d7e9ad2ada9a,Gary Martin,metadata_external_id,resolved,cleaned_athlete_metadata.csv,144
strava,52102056,3e486f3e-5eff-47e0-958e-fa7956b8666b,kayley delay,metadata_external_id,resolved,cleaned_athlete_metadata.csv,234
strava,52304194,9dccde77-a368-4698-84f1-389a0ffbc53d,Thomas De Bock,metadata_external_id,resolved,cleaned_athlete_metadata.csv,422
strava,52417936,5e87b9a0-97dc-4e6b-9cfb-9fc04195bfce,Callum Elson,metadata_external_id,resolved,cleaned_athlete_metadata.csv,62
strava,52526147,e498249c-d7e5-4d78-aa86-eb493aa81765,Joris Keppens,metadata_external_id,resolved,cleaned_athlete_metadata.csv,216
strava,52774592,9ba9ed70-7d24-4aa7-9d69-cf78b8a74a87,Luciano Fiore,metadata_external_id,resolved,cleaned_athlete_metadata.csv,270
strava,53067537,2120deac-db90-42ab-b884-1c815f112c47,Cillian Kirwan,metadata_external_id,resolved,cleaned_athlete_metadata.csv,83
strava,53091912,176b61e7-11c0-486d-899e-145bfa5b8336,George Couttie,metadata_external_id,resolved,cleaned_athlete_metadata.csv,145
strava,53421784,fcb602af-d7bf-422b-81f1-c268ccf859d9,Rebecca Bassett,metadata_external_id,resolved,cleaned_athlete_metadata.csv,345
strava,53485505,d6aec82d-543e-42b5-afe6-19356a0d70cf,Madison Neuner,metadata_external_id,resolved,cleaned_athlete_metadata.csv,276
strava,53810642,5609d48c-187d-4910-9a89-04c35d424bda,Jennifer Nesbitt,metadata_external_id,resolved,cleaned_athlete_metadata.csv,198
strava,53868866,407a83dc-bf67-4233-b6eb-4508f722b03a,katie camarena,metadata_external_id,resolved,cleaned_athlete_metadata.csv,233
strava,53922774,dfb8cbd2-5ff9-4b19-98f0-65c500a56fed,Jennifer Randall,metadata_external_id,resolved,cleaned_athlete_metadata.csv,199
strava,54176296,760bebe2-5155-4fd9-907c-aae21510c437,Sam Parsons,metadata_external_id,resolved,cleaned_athlete_metadata.csv,377
strava,54593767,b557e90b-4e18-4a87-be9b-e155fc0a26de,Daniel Michalski,metadata_external_id,resolved,cleaned_athlete_metadata.csv,99
strava,54874775,f405d393-83b4-44da-aa96-29db42958258,Lauren Hagans,metadata_external_id,resolved,cleaned_athlete_metadata.csv,254
strava,54943881,d9d5b356-1db2-4e07-b6b8-a3b6393eeebc,Riley Flemington,metadata_external_id,resolved,cleaned_athlete_metadata.csv,351
strava,55255852,3091d63c-13ae-4b9d-9119-150d7105f8c6,Sarah Klein,metadata_external_id,resolved,cleaned_athlete_metadata.csv,385
strava,55489425,810ff8e6-8fb2-4f23-96aa-2d1c80142c77,Timo Benitz,metadata_external_id,resolved,cleaned_athlete_metadata.csv,427
strava,55975379,e8d5b035-afb7-43d6-b312-a69f74e48369,Cari Hughes,metadata_external_id,resolved,cleaned_athlete_metadata.csv,66
strava,56092465,72e25dcc-48d4-4f94-806f-5ffb6b1526f7,Valentin Bresc,metadata_external_id,resolved,cleaned_athlete_metadata.csv,438
strava,56168841,c2d432ec-0c12-4460-a98a-298936aab95e,Hobbs Kessler,metadata_external_id,resolved,cleaned_athlete_metadata.csv,167
strava,56592626,dd9c2e45-f95a-4a35-9d2d-39ef2963f21c,Kevin Robertson,metadata_external_id,resolved,cleaned_athlete_metadata.csv,241
strava,5665278,51ac502d-6ba1-4d06-b0a6-0df5c732adca,Dillon Maggard,metadata_external_id,resolved,cleaned_athlete_metadata.csv,108
strava,56812301,f95eee18-7c98-4de1-9f4e-73551aee280c,Gabriela DeBues-Stafford,metadata_external_id,resolved,cleaned_athlete_metadata.csv,143
strava,57217273,216f71f0-f707-4d68-8e44-a877bda2ddf4,Grace Barnett,metadata_external_id,resolved,cleaned_athlete_metadata.csv,150
strava,57348015,4877d04c-02e8-4235-ba8c-b634c25eec2b,Jude Wheeler-Dee,metadata_external_id,resolved,cleaned_athlete_metadata.csv,224
strava,57973023,2f879ecd-6448-418a-8fd2-49db182eccff,Anna Gibson,metadata_external_id,resolved,cleaned_athlete_metadata.csv,29
strava,5797327,718d674a-cb13-4520-89fd-64a9cd54b9b3,Said Mechaal,metadata_external_id,resolved,cleaned_athlete_metadata.csv,373
strava,58262623,a7a3c1fd-c952-402a-a64a-6e51f36d937e,Conor Murphy,metadata_external_id,resolved,cleaned_athlete_metadata.csv,91
strava,58369394,94769f06-d319-44bf-9a24-f20442ddd7a1,Jerrell Mock,metadata_external_id,resolved,cleaned_athlete_metadata.csv,200
strava,58424776,fecce026-9411-4a9e-9098-332998705907,Emily MacKay,metadata_external_id,resolved,cleaned_athlete_metadata.csv,121
strava,58499394,7a74d071-72fc-44aa-b367-aaee2dad6312,Parker Stokes,metadata_external_id,resolved,cleaned_athlete_metadata.csv,332
strava,58587312,9904d248-c987-4827-a124-938035d3bda9,Giovanna Epis,metadata_external_id,resolved,cleaned_athlete_metadata.csv,147
strava,58635794,88120fc5-3cf0-42be-bd5d-49c559b9c5cc,Damien Dilcher,metadata_external_id,resolved,cleaned_athlete_metadata.csv,96
strava,58940900,e039bfb3-1804-4292-9816-985080cbb174,Dillan Van Rooyen,metadata_external_id,resolved,cleaned_athlete_metadata.csv,107
strava,59060047,21b3be31-4c66-4d2d-b8e3-8c56c920e835,Kristina Hendel,metadata_external_id,resolved,cleaned_athlete_metadata.csv,248
strava,59215429,5d613635-6a1a-4af2-9f0f-775ea5d7128d,Sage Hurta-Klecker,metadata_external_id,resolved,cleaned_athlete_metadata.csv,372
strava,59301037,c0f9d882-cb09-42e4-b13e-5148eed1f676,Olga Nyzhnyk,metadata_external_id,resolved,cleaned_athlete_metadata.csv,326
strava,59722793,c4617582-9b8c-4c11-8994-812cb746dd1d,Ryu Takaku,metadata_external_id,resolved,cleaned_athlete_metadata.csv,369
strava,60077877,8e5c6225-a799-4610-8d60-249ec366fd45,Aiden Coles,metadata_external_id,resolved,cleaned_athlete_metadata.csv,13
strava,60155357,7670db0f-b078-4697-84d9-1bccab7c85ff,Youssef BENZAMIA,metadata_external_id,resolved,cleaned_athlete_metadata.csv,453
strava,60178349,b073aa1f-3ebb-4289-98da-e837fc19b725,Zalen Nelson,metadata_external_id,resolved,cleaned_athlete_metadata.csv,458
strava,60337129,7ebdb654-987d-4a39-acf6-e4f76529f52c,Chamar Chambers,metadata_external_id,resolved,cleaned_athlete_metadata.csv,74
strava,60508941,15c4a1fc-267b-46da-af39-3764e1ff7cb3,Boniface Kibiwott,metadata_external_id,resolved,cleaned_athlete_metadata.csv,50
strava,61174400,59e29e27-51e0-4de2-82c4-4e30f4e8ae87,Jack Higgins,metadata_external_id,resolved,cleaned_athlete_metadata.csv,178
strava,61783860,1c432806-76db-41bf-a04a-bd37727dc5b0,Shane Streich,metadata_external_id,resolved,cleaned_athlete_metadata.csv,398
strava,6193172,c6182aa7-e7c8-4369-903c-1dab8124a2bf,Brett Robinson,metadata_external_id,resolved,cleaned_athlete_metadata.csv,55
strava,61941233,8c95702c-3358-4307-b3ca-29c52e2da1bb,Elias Ngeny,metadata_external_id,resolved,cleaned_athlete_metadata.csv,115
strava,6296853,dc2b60e1-48bb-4c98-a943-0526792a5ac4,Cole Sprout,metadata_external_id,resolved,cleaned_athlete_metadata.csv,87
strava,63449551,c91e7d9d-c5b1-49d7-b810-5bf8957f94b3,Olivia Markezich,metadata_external_id,resolved,cleaned_athlete_metadata.csv,329
strava,64218328,f87ed156-900c-4043-934c-f142f61b77a5,Bobby Poynter,metadata_external_id,resolved,cleaned_athlete_metadata.csv,49
strava,64360338,026036e5-00e2-4a3d-a309-142117b998d3,Hamza SAHLI,metadata_external_id,resolved,cleaned_athlete_metadata.csv,153
strava,6448444,c39fbb4c-f6c4-4511-9dc4-0ebf730ae3fa,Kate Grace,metadata_external_id,resolved,cleaned_athlete_metadata.csv,231
strava,6579855,9a66f0df-58cf-46b0-9d57-502dcfde2b43,Tom Hendrikse,metadata_external_id,resolved,cleaned_athlete_metadata.csv,432
strava,6604642,a0d55503-8892-4522-9763-851eb8143db0,Leslie Sexton,metadata_external_id,resolved,cleaned_athlete_metadata.csv,258
strava,66783639,622fcdfe-8968-4452-a01f-05f05abe6d1f,Duncan Perrillat,metadata_external_id,resolved,cleaned_athlete_metadata.csv,112
strava,67065684,696821ce-3848-476f-bc83-2054d6a14d81,Hicham Ouladha,metadata_external_id,resolved,cleaned_athlete_metadata.csv,164
strava,6816684,a6cee0f8-48c7-4bd5-8352-ec8fd19ac57d,Bastien AUGUSTO,metadata_external_id,resolved,cleaned_athlete_metadata.csv,41
strava,68238567,73d35dad-cf09-414b-8933-c614d55e948c,takashi soma,metadata_external_id,resolved,cleaned_athlete_metadata.csv,417
strava,68982579,a6812f2b-20a9-46d2-983e-5a667281287a,Sebastian Fernandez,metadata_external_id,resolved,cleaned_athlete_metadata.csv,394
strava,6906691,edb6f774-39bd-4b71-a30f-5a16f1411786,Austin Vancil,metadata_external_id,resolved,cleaned_athlete_metadata.csv,36
strava,69143721,f8f60a68-23a9-45cf-bf47-713ef1522794,Jonathan Grahn,metadata_external_id,resolved,cleaned_athlete_metadata.csv,212
strava,69562064,561c6b2e-df79-4435-bcf4-b4c4f1994c77,José Carlos Pinto,metadata_external_id,resolved,cleaned_athlete_metadata.csv,221
strava,69886154,90058055-ced9-4c04-bb76-fb88f91d1ca7,Maël Gouyette,metadata_external_id,resolved,cleaned_athlete_metadata.csv,296
strava,7018180,1bc92261-6d24-47e6-ab26-0d51b9d04523,Fabienne Schlumpf,metadata_external_id,resolved,cleaned_athlete_metadata.csv,133
strava,7059429,3827b312-4864-4c4b-b3cc-5b0a69452963,Eric Avila,metadata_external_id,resolved,cleaned_athlete_metadata.csv,124
strava,7075179,8fa444f5-8afa-4e0c-b2e3-b5f838dbcc92,Remyo Tielsema,metadata_external_id,resolved,cleaned_athlete_metadata.csv,349
strava,70760138,c9fc7c6f-c3a2-44ac-a8cb-2ead5162c9ce,sheila chepkirui,metadata_external_id,resolved,cleaned_athlete_metadata.csv,399
strava,71517556,12403ac1-e986-46ea-b5aa-eee2213e483f,Mehdi Kadri,metadata_external_id,resolved,cleaned_athlete_metadata.csv,297
strava,7320900,212d2bbe-a55f-4d03-9517-93d22912a75a,Robin van Riel,metadata_external_id,resolved,cleaned_athlete_metadata.csv,355
strava,7327132,f384ad12-7041-44d5-809a-65b490e23a25,Charles Philibert-Thiboutot,metadata_external_id,resolved,cleaned_athlete_metadata.csv,76
strava,73380869,08a76bc2-d932-4b2a-8d76-cfc6314ef2b3,Zouhair Talbi,metadata_external_id,resolved,cleaned_athlete_metadata.csv,460
strava,73487204,67addba1-977a-400b-8317-58fbace72689,Kirami Collin Yego,metadata_external_id,resolved,cleaned_athlete_metadata.csv,244
strava,73659831,d92f496b-1357-4d00-8021-e365d79fa27d,Evan Jenkins,metadata_external_id,resolved,cleaned_athlete_metadata.csv,132
strava,74184450,76e00b5b-ddcf-47eb-9bec-06efbc10fea8,Alec Basten,metadata_external_id,resolved,cleaned_athlete_metadata.csv,14
strava,74286940,44388438-1873-4d73-bdb4-bcfb2b97dee7,Naoki Aiba,metadata_external_id,resolved,cleaned_athlete_metadata.csv,313
strava,74338147,62383d1e-3681-4b9d-a51f-b008ca17bb98,Erin Strzelecki,metadata_external_id,resolved,cleaned_athlete_metadata.csv,127
strava,74623854,8e8ce01d-0589-4ae4-9189-ea58e9370b3c,Abel Teffra,metadata_external_id,resolved,cleaned_athlete_metadata.csv,6
strava,75222533,3f2526c1-75da-4752-9344-ac90da9ca04a,Patrick Kiprop,metadata_external_id,resolved,cleaned_athlete_metadata.csv,335
strava,7677443,e1ac05a6-8a16-4641-9e38-8318a376e492,Charles Wheeler,metadata_external_id,resolved,cleaned_athlete_metadata.csv,77
strava,7774046,fd3579a7-1ec1-400e-8355-7d1b96bb976c,Toby Gillen,metadata_external_id,resolved,cleaned_athlete_metadata.csv,429
strava,77830180,6398a51e-9d17-487b-847c-2de3d894631f,Keisuke Yokota,metadata_external_id,resolved,cleaned_athlete_metadata.csv,236
strava,7814602,c621b439-5280-4431-9629-66ea4369760b,Natasha wodak,metadata_external_id,resolved,cleaned_athlete_metadata.csv,314
strava,78680893,26bea13e-b325-4a31-8721-c1af1be04011,Gracelyn Larkin,metadata_external_id,resolved,cleaned_athlete_metadata.csv,151
strava,79030752,30842c02-b3e6-47c1-b0f1-dd7ad65cd852,Jack Salisbury,metadata_external_id,resolved,cleaned_athlete_metadata.csv,182
strava,81086643,0a024422-4ffa-4aed-8353-52ad419eec62,Wes Ferguson,exact_normalized_name_to_metadata,resolved,indiv_activities_full.csv,105606
strava,8112897,899b05a6-e68a-4ce3-9153-61d3cc05a5fa,Daniel Arce,metadata_external_id,resolved,cleaned_athlete_metadata.csv,98
strava,8140136,337f34e2-1934-4be2-905e-d5961c200f51,Samuel Austin,metadata_external_id,resolved,cleaned_athlete_metadata.csv,378
strava,81506583,fc0e46c7-34f6-4f5f-8cda-37fbcd7ffb10,victor kimutai,metadata_external_id,resolved,cleaned_athlete_metadata.csv,440
strava,81785282,9bd07a43-b314-4d7d-9194-5fbc53ff7d0c,Nico Boketta,metadata_external_id,resolved,cleaned_athlete_metadata.csv,318
strava,81890092,4983e59c-87e5-4a87-84ac-b64f6d875346,Christian Jackson,metadata_external_id,resolved,cleaned_athlete_metadata.csv,80
strava,82013388,d4e18e59-aa0c-4937-81be-03be50a7807f,Logan Measner,metadata_external_id,resolved,cleaned_athlete_metadata.csv,263
strava,82077769,7c940927-7f46-4f06-995f-1182fdba0ca5,Leonid Latsepov,metadata_external_id,resolved,cleaned_athlete_metadata.csv,257
strava,82773562,a23a79bf-0dfb-4afa-b152-73eacfe93cd3,Vanessa Wilson,metadata_external_id,resolved,cleaned_athlete_metadata.csv,439
strava,82798069,62fc3df0-f1d3-4271-81aa-73340236ef37,Jolanda Kallabis,metadata_external_id,resolved,cleaned_athlete_metadata.csv,210
strava,83232940,eb58a103-b19b-4781-b346-f9aaa8570c7d,Molly Grabill,metadata_external_id,resolved,cleaned_athlete_metadata.csv,307
strava,83372861,36c3463f-fe53-4eaf-8197-8add3d650684,Kristian Uldbjerg Hansen,metadata_external_id,resolved,cleaned_athlete_metadata.csv,247
strava,8483601,fb329afa-395e-49f1-a8b5-d913131f7624,Yoann Kowal,metadata_external_id,resolved,cleaned_athlete_metadata.csv,451
strava,86185454,ae70fef1-8622-41a9-aebb-05aefb0558bc,Ermias Girma,metadata_external_id,resolved,cleaned_athlete_metadata.csv,128
strava,86896701,fe6ec2fd-63d1-40ae-98ee-c40f64885804,Michaela Oosthuizen,metadata_external_id,resolved,cleaned_athlete_metadata.csv,303
strava,8728583,074bee87-4036-4ff2-b6b1-36745a50bba9,Jorge Castelblanco,metadata_external_id,resolved,cleaned_athlete_metadata.csv,215
strava,87287379,4d618668-e489-46a7-b538-91a7ba1a4e59,Carson Williams,metadata_external_id,resolved,cleaned_athlete_metadata.csv,71
strava,8820965,ab37f5ce-cfca-4f17-8775-692c8da59fa6,Marcella Herzog,metadata_external_id,resolved,cleaned_athlete_metadata.csv,281
strava,8841155,a0355db7-bf4e-4cea-9933-02e9abd16dcc,Derek Johnson,metadata_external_id,resolved,cleaned_athlete_metadata.csv,106
strava,88934444,33890801-a014-4770-b80f-d3bd90ac1325,Isaac Basten,metadata_external_id,resolved,cleaned_athlete_metadata.csv,172
strava,89025421,fc52ab4a-8d57-45cf-a798-1eac2f04e3d9,Ivan Siuris,metadata_external_id,resolved,cleaned_athlete_metadata.csv,176
strava,89621357,f9f83120-1a94-4c9f-92c7-cdfe341ef509,Hillary Kipkoech,metadata_external_id,resolved,cleaned_athlete_metadata.csv,166
strava,89673875,011c785a-314c-46d8-a88f-9245df288315,Olivia Baker,metadata_external_id,resolved,cleaned_athlete_metadata.csv,328
strava,91049781,1158ced8-9651-4d21-b7ff-34e829171b24,Hanna Hermansson,metadata_external_id,resolved,cleaned_athlete_metadata.csv,154
strava,93170673,9d6972c1-309b-4b21-a78e-dbe0a3a85cb3,Stefan Nillessen,metadata_external_id,resolved,cleaned_athlete_metadata.csv,412
strava,93495409,0665f1c7-5f2a-45d3-9166-466b4e2e1738,Andrew Coscoran,metadata_external_id,resolved,cleaned_athlete_metadata.csv,25
strava,9351341,73b0df14-0e48-49c5-89cd-ab0929c51d25,Rory Linkletter,metadata_external_id,resolved,cleaned_athlete_metadata.csv,359
strava,9389758,e241f107-2c47-4a68-ae9c-759ad065ddb2,Florian Le Pallec,metadata_external_id,resolved,cleaned_athlete_metadata.csv,140
strava,93911299,a20493f5-ef3d-4325-9e54-7d9c27e4d23b,Edwin Kiptoo,metadata_external_id,resolved,cleaned_athlete_metadata.csv,113
strava,94876602,d6b0c9ea-b36a-48a2-af04-cda925472d6c,James Kimeu,metadata_external_id,resolved,cleaned_athlete_metadata.csv,188
strava,94997060,7fe3c3a1-5101-4f2b-a783-d2b7da244b49,Carla Gallardo,metadata_external_id,resolved,cleaned_athlete_metadata.csv,68
strava,95191578,9d45274f-ea09-4c2e-84e3-54c25565791b,Andrew Casey,metadata_external_id,resolved,cleaned_athlete_metadata.csv,24
strava,9559332,465ecabd-3d80-41c3-8c94-64d3e43768af,Brandon Miller,metadata_external_id,resolved,cleaned_athlete_metadata.csv,51
strava,9588583,230fb8e1-6fc1-4e9f-94dc-e8a6221a4586,Joey Berriatua,metadata_external_id,resolved,cleaned_athlete_metadata.csv,205
strava,95919245,27a54c2c-3b31-4f2d-8076-86233cd4ab89,Paulo Roberto Paula,metadata_external_id,resolved,cleaned_athlete_metadata.csv,336
strava,98279354,0ce2f235-6798-4216-91fc-b3e3c3531a50,Marco Arop,metadata_external_id,resolved,cleaned_athlete_metadata.csv,282
strava,985439,3d28bd2f-7418-4988-9872-3ee2508b696c,adam clarke,metadata_external_id,resolved,cleaned_athlete_metadata.csv,7
strava,98838651,fab236a8-d7f3-4778-b951-549a25550cae,Enock Kipkemboi,metadata_external_id,resolved,cleaned_athlete_metadata.csv,123
strava,99038751,b86a8206-c91e-4b38-ba6e-e1886db6dbbf,salim keddar,metadata_external_id,resolved,cleaned_athlete_metadata.csv,374
strava,99220051,e38af8c9-6142-4d8b-80dc-362213b128da,Athanas Kioko,metadata_external_id,resolved,cleaned_athlete_metadata.csv,35
strava,99277269,66e3215a-3257-451e-957e-2c5c5aaa436e,Filip Ostrowski,metadata_external_id,resolved,cleaned_athlete_metadata.csv,137
strava,99876148,4c46faa1-e566-4b42-968d-47f0894ea1ba,Kendra Coleman,metadata_external_id,resolved,cleaned_athlete_metadata.csv,239
strava,9996058,2016cdc9-b78a-4171-a1da-e0a3418c87c3,Alex Melloy,metadata_external_id,resolved,cleaned_athlete_metadata.csv,16
